,rating,time,content,label
0,평점5,21.03.29.,"한율 빨간쌀 진액 스킨 저의 최애 제품 입니다. 너무 잘 구매하였습니다.보습력이 뛰어나고 ,자극도 전혀 없고 ,다른 스킨과는 다르게 건조하지도 않고 메마르지도 않아요.로션 제형이 섞인 토너스킨 바른 것 처럼 수분을 머금 듯 유분감이 오래 남습니다.또 너무 이쁜 살구색의 핀도 보내주셔서, 완전 횡재했어요^^",1
1,평점5,20.11.09.,스킨인데 주르륵 흘러내리지 않아 얼굴에 바를 때 어려움없이 슥슥 바르기 좋고 촉촉함이 정말 최고에요! 왜 인기제품인지 바로 알 것 같아요! 혹시나 피부에 맞지 않을까봐 체험단 이벤트 상품 구입한 건데 본품 바로 살 걸 그랬나봐요👍🏻,1
2,평점5,21.03.24.,"1. 이 리뷰는 제가 저의 집사람에게 사준 화장품인 한올 빨간색 진액스킨 150ml를 직접 사용하고 있는 집사람의 사용기를 듣고 제가 대신 작성한 것입니다.
2. 집사람에 의하면 한달정도 사용했는데 발림성이 좋고 촉촉한 점성이 오래가며 자극없이 상쾌한 기분을 장시간 유지하는 등 매우 만족스럽게 사용하고 있습니다.
3. 이제까지는 같은 제조회사의 제품이지만 다른제품을 사용했었는데 이번에 처음 사용한 제품이 과연 피부트러블이 없이 잘 사용할 수 있을까 하고 염려도 했었지만 아직까지 문제없이 만족스럽게 사용하고 있습니다.
물론 사용하는 사람의 피부에 따라 적응도에 차이는 있겠지만 충분히 추천할 만 하다 생각되며 저는 앞으로도 계속 사용할 것 같아요.
좋은 제품입니다.",1
3,평점5,21.04.21.,"역시 쌀밥 먹는 사람에겐 쌀로 만든 화장품이져~
약간 손소독제 같은 재형이라서 촉촉한게 맞을까 했거든요.
그런데! 촉촉하게 잘 발리고 톡톡 두드리니 금방 흡수 되더라고요. 바른 후에도 건조한 느낌 없이 보송보송 오래 유지돼서 좋았어요.",1
4,평점5,20.12.19.,"배송 잘 받앗습니닷:-)
스킨 하나 주문햇는데 마스크팩4개랑 쑥 진정세트에 진액쌀스킴에센스샘플까지 정말 많네요!
얼마전구매해서 사용하고잇는 유자 슬리핑팩 대용량샘플도!! 잇힝!!
빨간쌀 스킨은 샘플로 써보앗는데 너무 잘 맞더라고요 요즘같은 찬바람불고 건조한날에 보습은되는데 너무 유분은 많지않아 딱이에요!
근데 진짜 이 스킨샘플 사용해보니 정말 저한테 잘맞는거에요! 그래서 주문햇어요 잘 사용할게요!!",1
5,평점5,20.11.10.,"불필요한 박스 포장이 아니라 패키지부터 마음에 들었어요~ 요즘 날이 추워지면서 피부가 많이 건조해졌는데, 촉촉하게 보습되는 것 같아요!! 특히 여주 현미를 발효한 스킨이라 그런지 피부에 순하게 자극 없이 올라가는 느낌이 좋아요! 잘 쓰겠습니다. ^^",1
6,평점5,20.11.12.,주문하고 바로 다음날인가 도착했는데 어제 오늘 써보고 후기 씁니다 스킨이라고 해서 물같을 줄 알았는데 알로에 수딩 젤 같은? 제형 그런거였어요 ㅋㅋ 플라스틱 살짝 힘주면 한 번 쓸 분량 나오고 촉촉한거 같습니당 좀 더 써봐야 알겠지만 현재로써는 만족합니다,1
7,평점5,20.02.07.,"지성 타입 피부라 유분이 올라오는게 늘 신경 쓰여 워터 제형, 가벼운 제형의 기초 제품만 사용했었어요.무거운 느낌이 싫어서 겨울에도 크림은 잘 안 발랐구요. 닦토->에센스->로션 이렇게 3개만 발랐었어요. 그런데 이렇게 발라도 계속 유분은 올라오더라구요. 왜 그런가 싶어서 찾아보니 너무 피부에 유분(보습)이 없어도, 유수분 밸런스가 맞지 않아서 유분이 더 올라온다고 하더라구요..늘 가벼운 제품만 썼던터라 크림은 도저히 엄두가 안 나고... 그러던중 알게 된 제품이 ‘빨간쌀 진액 스킨’이에요. 사실 지성 피부 타입분들은 아시겠지만 ‘진액’이라는 단어에 굉장히 거부감이 들어요.. 저도 그랬구요...초록창이며 어플이며 다 찾아봤는데 ‘보습’에 대한 후기가 정말 좋아서 믿고 구매했는데 정말 잘 한 선택 같아서 후회 없네요^^제형이나 느낌이 알로에겔에 물 살짝 탄 느낌이에요~ 엄청 진득한 콧물제형(?)을 생각 했는데 몽글몽글 말랑말랑 젤리같은 제형에 더 가까워서 부담감이 없었고, 처음에 바르고 솔직히 평소에 쓰던 제품들 보단 아무래도 무거운 쪽이라 바로 흡수가 안 되는 느낌이었어요. 열심히 챱챱 손으로 두들겨서 흡수 시켜 주니까 ‘속까지 꽉 수분 보습이 찬 느낌이 이런 느낌이었구나~’하고 . 정말요! 겉도는 느낌 없어요! 지성이신 분들은 아시겠지만 겉도는 기초제품 사용하면 ‘..’하는 예상 하시잖아요. 그런데 그런 생각도 느낌도 전혀 없어요.못 쓰는 수부지이신 분들, 산뜻한 보습 기초 화장품으로 한율 빨간쌀 진액스킨 살포시 추천 드려봅니다. :)",1
8,평점5,20.11.16.,원래 한율 제품 좋은것도 알고 있었고 워낙 순한제품이라 사용도 하고 있어서 고민없이 구입했어요 빨간 스킨은 다른 스킨보다 조금 점성이 있어서 바르고 나서 촉촉함을 더 잡아주는거 같아요 트러블생기면 요 스킨만 사용해보려고요,1
9,평점5,20.12.16.,"빨간쌀 진액스킨 제가 써봐도 좋아서 엄마 선물해주려고 이번에 구매했습니다~~
사은품 까지 빵빵하게 챙겨주셔서 대만족이에요!!
다쓰면 또 구매하려구요.
스킨 통도 예쁘고 스킨은 촉촉하고 향도 괜찮고 좋은거 쓰는 느낌입니다!!",1
10,평점5,20.02.12.,"[구매 계기]기존에 한율 어린쑥 라인을 사용하고 있었는데 겨울이 되고 아무래도 건조해지다 보니까 좀더 보습이 되는 제품을 찾다가 이번에 빨간쌀 라인이 리뉴얼 되었다고 해서 구매해봤어요! 광고에서나 상세설명에서 찰벽보습을 강조해서 보습에 대한 기대감이 정말 높았어요.[첫인상]다른사이트 보다 지마켓이 상품구성이 좋아서 여기서 구매하게 되었어요.택배박스를 여는데 사은품이 풍성해서 본 제품 조기도 전에 너무 만족스러웠어요.여행용으로도 너무 좋고 빨간쌀 에멀젼이랑 크림까지 써볼 수 있어서 너무 좋았어요. 같이 온 패브릭 천도 인테리어 용으로 걸어놓기에도 예쁘더라구요. 사은품까지 세심히 신경쓰는 지마켓&한율! 센스 만점입니다❤️[제형&제품력]구매할 때는 스킨이라고 해서 물제형의 스킨이려나 했는데 꾸덕한 에센스 타입의 스킨이더라구요. 제형이 꾸덕하다 보니 닥토로 쓰기보다는 퍼스트에센스로 세안 후 바로 바르는 것이 좋을 것같아요. 소용량만 발라도 피부전체에 다 흡수가 가능하고 보습이 더 필요할 때는 두세번 더 덧발라주었어요. 특히 제일 마음에 드는 점은 꾸덕한 타입의 에센스 제형인데도 바를 때 두껍게 발리지 않고 가볍고 산뜻하게 발려서 피부가 무겁지 않아서 좋아요. 아침에 스킨 하나만 바르고 충분히 흡수시켜주고 피부화장을 했는데 정말 잘먹었어요. 저녁에도 여러번 바르고 흡수시켜주니까 굳이 크림까지 안발라도 . 저는 건성타입의 피부인데 발랐을 때 유분이 많거나 너무 답답한 제품은 선호하지 않는데 이 제품은 제형은 꾸덕한데 발리는게 정말 가볍고 기대 이상으로 만족했습니다. 겨울에 계속 사용하려고 구매한 제품인데 4계절 내내 사용해도 괜찮은 제품인 것같아요..좋은 원료 쓰기로 유명한 한율인 만큼 믿고 구매했는데 정말 200% 만족한 쇼핑이었습니다.한율은 제품력도 좋고 가격도 합리적인 편이고 믿을 수 있는 아모레퍼시픽 브랜드라서 정말 늘 믿고 사는 것같아요. 세계적으로 유명한 명품브랜드 못지않게 아니 그 이상으로 정말 제품력 너무 좋아요👍[이런분들에게 추천]건성타입이지만 무거운 타입의 제품은 싫어하시는 분, 산뜻하고 가볍게 흡수되는 제품을 원하시는 분, 세안 후 퍼스트에센스로 적당한 제품을 찾는 분, 속건조를 잡아주는 에센스를 원하는 분들에게 강력 추천합니다!",1
11,평점5,20.11.08.,예전에 샘플지로 한 번 써봤는데 체험단 올라와서 50미리로 구매해보았습니다 한율에서 나온 진액스킨은 안좋았떤 적이 없었거든요 제형자체가 일단 마음에 들어요 물같은 스킨은 별로 좋아하지 않아서ㅎㅎ 흡수력도 좋고 번들거리지도 않아서 좋아요 아마 다쓰고나면 본품구매해서 계속 사용할 것 같습니다,1
12,평점5,21.04.01.,언니 선물용으로 사서 저는 쌤플만 써 봤어요. 병을 기울여도 흐르지 않을 정도의 제형이구요. 살짝 핑크 색깔이 너무 예뻐요. 바르면 쫀득한 느낌이 들어요.에센스느낌이 살짝나요. 향도 있는데 거슬리는 느낌은 아니예요. 선물 받은 언니도 무척 마음에 든다고 하네요,1
13,평점5,21.05.04.,2024년 3월18일까지인 제품으로 받았어요!샘플없이 본품만 배송왔고(보통 샘플 있으면 상세이미지에 증정샘플 포함된 사진이 있어서 알고는 있었어요)본사공식몰 판매상품이라 포장요청드렸더니 동영상 다음에 올린 사진과 같이 포장되어 받았습니다~^^,1
14,평점5,20.11.08.,한율 스킨케어는 향기가 일단 너무 좋아서 너무 좋네요 진액스킨 유분과 수분이 적절해서 제 피부에는 지금같은 계절에 쓰기 너무 좋습니다. 제 피부는 복합성이라 스킨케어도 두개씩 쓰는 편인데 진액스킨은 흡수력이 좋아서 그럴 필요 없을 것 같습니다 다 쓰고 재구매하러 오겠습니다,1
15,평점5,20.02.17.,".총 만족도 : ★★★★★.* 배송 및 가격: 빨간쌀 진액스킨 출시 기념으로 할인행사 및 증정까지 푸짐했고,주문한날 출발하여 구매한지 하루 만에 받아볼 수 있어 정말 만족해요.* 사용 후기: 기존에 사용하던 한율 쌀진액스킨이 얼마 남지 않아 구매하려던 참에이렇게 새롭게 리뉴얼 되었다는 반가운소식을 만났네요..기존 쌀진액스킨도 정말 만족하며 사용했는데, 여주현미를 2번이나 발효하요 깊은 피부보습을 느낄 수 있다고 해빨간쌀 진액스킨과 로션, 크림, 미스트 등 리뉴얼 된 빨간쌀라인 4종을 함께 구매했어요..제일 먼저 사용하는 빨간쌀 진액스킨은 기존의 쌀 진액스킨과는 다르게조금 점성이 있는 제형으로 응축된 에센스의 제형이었어요.이 전 쌀진액스킨과 나란히 놓고 비교해보니 확연한 차이를 볼 수 있었어요.기존에는 가볍지 않으면서 워터리한 제형이었다면,새롭게 리뉴얼된 빨간쌀 진액스킨은 에센스에 가까워 피부에 흡수가 더 잘되는 느낌이었어요.자극적인 느낌은 전혀 없었고, 보습이 정말 잘 되며 끈적임은 적어 피부에 바로 착 흡수되었으며보들보들한 피부가 완성되었어요!해주니 정말 만족스럽더라구요.피부 속에 수분을 가득 채우고 가두어 주는 느낌이랄까요?아침에 바르면 퇴근 할 때까지, 밤에 바르고 자면 아침까지 항상 촉촉했고,들뜸없이 편안한 피부가 되었어요. (그래서 !).저의 사용팁은,저녁에 스ㅡ킨을 바를 때 손바닥에 덜어서 볼, 턱선 부분을 손으로 잘 감싸 1분여 동안따뜻한 열기로 살짝 눌러주면 더 편안하고 보들보들한 피부를 만들 수 있어요.흡수도 정말 잘되고 보습이 제대로 되는 걸 느낄 수 있었구요..빨간쌀 진액스킨은 일주일 정도만 써봐도 좋다는 걸 바로 느낄 수 있는데,보면 더 촉촉한 피부가 되고 보습으로 꽉 찬,정말 달라진 피부를 그대로 느낄 수 있어요.또한 스킨 뿐 아니라 빨간쌀 진액라인 - 에멀젼, 진한 피부보습을 느낄 수 있답니다^^'순하면서 곽찬 피부보습을 24시간 느끼게 해주는 겨울철, '..",1
16,평점5,20.01.07.,겨울에는 토너로만 보습하기가 부족한 감이 있어서 겨울마다 쌀 진액스킨 사용하다가 이번에 새로 출시됐다하여 예약구매했어요 ㅎ기존의 쌀진액스킨보다 더 농축된 느낌입니다. 스킨보다는 앰플이나 에센스 농도에 더 가까워요. 병이 이쁘긴한데 물스킨이 아닌지라 사용하기 너무 불편해요. 차라리 펌프형으로 나오면 훨씬 좋을 듯 싶네요. 사용량 조절하기가 쉽지않지만 손바닥에 털어서 나오는대로 듬뿍바르면 촉촉합니다.,1
17,평점5,20.02.16.,"끈적임 없이 촉촉하면서도 피부에 잘 스며들어 좋아요.사계절 내내 지복합성 피부여서 무거운 텍스처의 크림은 피하는 편이고 에센스 단계 역시 건너뛰기 일쑤인데 한율 빨간쌀 진액스킨은 가볍지도 그렇다고 해서 무겁지도 않은 타입인데다가 영양 가득한 세럼의 느낌도 담고 있어요.요즘같은 계절이나 환절기에는 영양,보습이 신경 쓰이는데 우리땅에서 나고 자란 우리 재료로 만든 정성스런 제품이라서 늘 믿고 사용합니다.브랜드 이미지에서 느껴지는 자연적인 느낌 또한 한율을 좋아할수 밖에 없는 이유이기도 하죠.♡좋은 가격,알찬 구성으로 구입할수 있어 행복하네요.^^",1
18,평점4,20.11.07.,"배송이 일단 굉장히 빨라서 바로 사용해볼수있었어요.
체험가로 배송비만 내고 저렴하게 이용해볼수있어서 좋았는데요.
일단 케이스가 예뻐서 첫 느낌이 좋았어요.
스킨이지만, 진액이어서 그런지 요즘 계절에 맞는 묵직함이 마음에 들었어요.
트러블케어는 조금 더 사용해봐야 알거같아요.",1
19,평점5,20.01.04.,"예전에 쓰던 제품인데 계속 품절이여서 못사고있다가 올해 새로 리뉴얼되서 새로 나왔네요..
지난달 선결제하고 빨리 배송오기만 기다리고있었어요.. 건성 피부인 저에겐 역시 실망시키지않는
제품입니다.. 화장품 본품통은 유리제품이라 더 안전한거같아요..
지금같은 겨울철엔 더더욱 만족합니다.. 향도 세지않으면서 은은해 좋고 촉촉함은 말할것도없어요..건성이신분들 꼭 써보세용~~!!!",1
20,평점5,20.02.07.,"원래 저의 최애♡마스크팩인 한율'쌀' 시트마스크를 너무 잘 쓰고 있는데요, 이번에 한층 더 업그레이드 된 '진~한 방어보습'으로 새로나온 빨간쌀 스킨을 구매하였습니다. 단순 스킨이라기 보다는 에센스, 콧물스킨처럼 쫀득쫀득하고 농도가 아주 진해서 저처럼 건성이신 분들, 아무리 수분크림을 덧 발라도 속당김이 심하신 분들이 사용하심 아주 만족스러울듯 하네요^^ 역시 저의 기대감을 저버리지 않는 순수자연의 전통적 아름다움을 더하는 '한율'브랜드의 신제품 '빨간쌀 스킨' - 강추!!합니다:D",1
21,평점5,20.07.20.,어머니가 에멜전이랑 스킨을 다 쓰셨다고 하셔서 구매한 제품이에요. 빠르게 배송이 와서 일단 별 다섯개!!! 한율 제품을 평소에도 계속 써오시면서 만족하셨던 분이라 이것 역시 잘 맞을 것 같아요. 29전용 추가 사은품까지 주다보니 여기 마일리지랑 쿠폰이랑 같이 사용해서 구매했는데 대만족합니다. (사은품은 제가 쓸 예정 ㅎㅎ),1
22,평점4,20.04.25.,지난번 구입해서 사용해 보고 재구매 합니다 요즘같은 환절기에 바르면 뭔가 촉촉함이 오래 가는듯 해서 사용하기 좋네요 향도 은은하게 있고요 지난번에 로션도 한개 주셨는데 이번엔 빼셨네요** 스킨 샘플 대박 많이 주셔서 감사하구요 팩도 두 장 잘 사용 할께요,1
23,평점5,20.04.09.,"저번에 옥마트에서 사진에 보이는 중간병~
배송비만 내고, 테스트겸 해서 써 봤거든요.
생각보다 너무 괜찮은 듯 하여 위메프에서 행사 때 구입했어요.
스킨의 제형이 에센스처럼 쫀득하며 좋아요.
40대 중반의 아줌마로 건성이며 피부는 좋은 편입니다
세안 후에 요 스킨 바르면 얼굴당기지 않고 좋아요.
샘플은 아는 사람 써보라고 줬어요.
본품써보고, .
한율이니까..믿어요.",1
24,평점5,20.02.11.,쌀쌀해진 날씨탓에 건조해진 피부를 위해서 구입했어요!평소 여러단계를 거친 스킨케어를 좋아하지 않는 편이라 빨간쌀진액스킨 하나만 바르더라도 속당김이 없어서 너무 마음에 들었어요 ღ’ᴗ’ღ이 제품은 특이한게 다른 콧물제형스킨과는 다르게 알로에겔같은 제형이에요. 바르고나면 스킨과 에멀젼은 동시에 바른것 처럼 촉촉함이 오래가요!기존에 사용하던 갈색솔잎 율려원액 사용하고 나면 같이 보내주신 빨간쌀 3종키트 사용해보고 다른 제품도 구매하게 될꺼 같아요~,1
25,평점4,20.03.25.,"향이좋구요
중년이다보니 끈적끈적한
형태의스킨을 써야 보습이
유지되더라고요~
원래 한율 갈색병쓰고있었는데
에멀젼만 누적되고
스킨만 떨어져서 그것만
구매하려고 서치하다찾아낸 분홍병~ㅎ
샘플도 15일치 / 마스크팩2장을
사은품으로 받았어요
계속써보고 괜찮으면 갈아타려구요^~",1
26,평점5,20.03.08.,"가성비 짱이에요
보습력 좋고 순해요 제형도 쫀쫀하고 리치해요
흡수력도 좋아요 계속 끈덕거리지 않아 편해요
갠적으로 피부 끈끈하게 오랫동안 남아 있는걸 좋아하지 않아요
가격대비 좋은 제품이라 추천 추천하고 싶어요
다른 제품달팽이 크림을 써봤는데ㅣ
점성이 넘 강해 계속 피부위에 남아 있어 사용감이 불쾌할때가
있었는데 그게 없어 강력추천입니다",1
27,평점4,20.02.05.,살짝향이 있는데 은은하게 있네요 쌀 진액스킨만 써 보다 홍쌀로 새로나와 사용해보려구 구매 발림성도 좋고 보습이 오래 가는듯하고 바를때 청량감이 있어요 주름개선은 쭉 사용 해 봐야 알것 같고 사은품으로 스킨 샘플 많이 주셨고 팩도 주셨네요 잘 사용 할께요,1
28,평점5,20.05.18.,"한율진액 처음나왔을때부터 썼는데, 리뉴얼돼서
걱정했지만 정말 더 촉촉해졌어요
기존의 바르고나면 약간 뻣뻣한것같은 질감도 사라져서 더 좋아요
다만 리뉴얼 제품도 플라스틱 펌프용기로 대용량제품이
나왔으면 좋겠어요
ㅠㅠ",1
29,평점5,20.03.22.,"계속 써오던 제품인데 이번에 업그레이드되어
새로운제품으로 출시되었네요~
항상 쓰면서 느끼는거지만
보습력이 아주 좋은거같아요
이번제품은 전에 쓰던것보다 점성이 더 느껴졌어요
피부에 자극도없을뿐더러
겨울철보습에는 이제품만한것이 없는것같습니다
할인된 좋은가격에 살수있어서
더 좋았습니다",1
30,평점1,20.03.03.,물건을 살 때는 가격 품질 중요하지만 나는 배송도 되게 중요하다고 생각한다 특히 나같이 해외에 사는 사람은 더더욱 모든 물건을 한번에 가족이 기다리다가 보내주기 때문에 .. 근데 배송을 하지도 않고 배송했다고 2일이나 떠서 물어보니 아직 배송 시작도 안하고 송장번호를 넣어두면 어쩌자는 거지? 그럴 줄 알면 그냥 가족이 가까운데서 사거나 나도 다른 데서 배달해서 주문하면 좋은 걸.. 정말 화가 난다. 별 것도 아닌 걸로 해외에서 신경쓰이게 한다... 주문하자마자 배송완료(송장번호 나옴) 이건 아니지 않나??? 아직도 택배사에 인수안됬다고 뜸. 이러면 그냥 쿠팡에서 살 껄..!!,0
31,평점5,20.04.14.,"콧물제형입니다. 극 건성이라 아침 저녁으로 듬뿍 발라요
엄마하나 저하나 구입했네요. 샘플이 어마무시하게 와서 당분간 여행다닐적에 이거만 쓸 예정입니다.
건조한 사람들은 무지 좋은데 복합성이거나 지성인 분들은 비추요.
향도 무난하고 좋은데 용기가 무지 무겁습니다.
트러블없이 무난하게 사용하고 있습니다.",1
32,평점5,20.02.21.,"원래 상품평 잘 안쓰는데요
항상 매장에서 한율만 이용했는데 스킨만 똑 떨어져서
찾아보니 매장보다 가격도 저렴하고 득템했어요
스킨 샘플도 많이 챙겨 주고 팩도 같이 보내주셨어요
배송도 하루만에 왔어요 주문 하자마자 바로 출발 짱이에요",1
33,평점5,20.05.20.,"한율제품은 쑥 스킨, 유자 수면팩 및 마스크팩, 쌀과 국화와 쑥등의 얼굴 마스크팩을 사용하고 있습니다.
역시나 처음 사본 빨간쌀 진액스킨까지 자극적이지 않고 얼굴에 맞아서 좋습니다.
더욱이 샘플을 듬뿍받어 기분도 좋습니다.",1
34,평점5,20.04.21.,"날씨가 조금 더워지면 항상 사용하는 제품이네요.
순하게 잘 발려서 만족해하는 제품입니다. 향도 개인적으로는 마음에 들어요.

날씨가 조금 더워지면 항상 사용하는 제품이네요.
순하게 잘 발려서 만족해하는 제품입니다. 향도 개인적으로는 마음에 들어요.",1
35,평점5,21.03.02.,촉촉해요 리뷰가 좋아 구입했어요,1
36,평점5,21.04.23.,유효기간도 길고 촉촉하고 좋아요,1
37,평점5,21.04.10.,감사합니다. 잘 쓸게요,1
38,평점5,21.03.06.,온 가곡이 같이 쓰는 제품이에요 만족합니다,1
39,평점5,20.11.09.,진액이라쓸만한제품이네요!스킨이라써있지만농축에센스같은느낌이라피부가쫀쫀촉촉해져요.물같은스킨보다발림성도훨씬좋아요.그래서인지씻고나와이아이만바르고있어도촉촉한게장시간유지됩니다.본품구매하렵니다.,1
40,평점5,21.05.05.,"어린쑥만 쓰다가
쌀진액은 처음 써보는데
향도 좋고 보습력이 좋네요
끈적임도 적고요",1
41,평점5,21.04.19.,엄마드리려고 구매해서 본품 사진이 없네요 샘플 사용해봤는데좋아요 개인적으로 물스킨 별로 안좋아해서 딱이었어요 트러블 나는거없었고 촉촉해요 재구매의사있어요 엄마들도 좋아할 스타일이예요 선물로 추천합니다,1
42,평점5,21.05.04.,"한율 이 리인은 피부가 쫀쫀해보이게 만들어줘요
그래서 요즘 피부 신경 덜쓰게돼요..",1
43,평점5,21.04.21.,후기가 괜찮아서 어머니 선물로 구매해봤는데 괜찮네요!!,1
44,평점4,21.04.24.,엄마가 계속 쓰시던 제품이라 주문해서 드렸어요. 비교적 합리적인 가격으로 편하게 주문하고 집에서 받아볼 수 있어서 좋았습니다. 촉촉하고 보습력이 뛰어나서 엄마가 사계절 내내 이것만 쓰시네요.,1
45,평점5,21.05.01.,원래 쓰던 것이라 문제없이 잘 바르고 있음.,1
46,평점5,21.04.13.,"항상 맘에듭니다
잘 쓸게요",1
47,평점5,21.04.29.,샘플 사용해보고 좋아서 구매했어요! 촉촉하고 좋아요~,1
48,평점5,21.04.11.,"몇통째 사용중인지 모르겠어요. 콧물 제형이고, 바르고 나면 얼굴에 보습감이 강해요. 로션은 잘 모르겠는데 스킨하고 크림은 진짜 너무 좋아요.
여름에 사용하기에는 조금 무거워요.",1
49,평점4,21.04.11.,보습굿굿! 좋은 상품을 좋은 가격에 구매하게 되어 너무나 감사드립니다 정확한 배송에 감사드립니다. 항사 sale 새일때 구입해요좋은 상품을 좋은 가격에 구매하게 되어 너무나 감사드립니다 정확한 배송에 감사드립니다,1
50,평점5,21.04.28.,엄마가 좋아하세요 용량도 크고 좋아요,1
51,평점5,20.11.22.,"포장이 귀여워요.
에센스 같은 제형이에요. 트러블없이 괜찮네요. 더 써봐야할듯요",1
52,평점5,21.04.21.,늘 잘쓰던거예요~~~좋아요~~♡♡,1
53,평점5,21.04.19.,사용하고 있는 제품 행사가에 저렴하게 구매했어요 샘플도 있어서 더 좋아요,1
54,평점5,21.04.28.,예전에 쓸때 좋앗어서 다시 쓰려고 삿어요 ㅋㅋ,1
55,평점5,21.04.17.,"쓰던제품, 재구매했어요
이곳이 저렴하네요",1
56,평점5,21.04.29.,집사람이 한율만 쓰는 이유가 있네요!,1
57,평점4,21.04.11.,촉촉하고 수분감도 많고 좋아요,1
58,평점5,21.04.07.,"시중보다 저렴하게 구입해서 잘쓰고 계세요
중년인 엄마가 쓰시기에 촉촉하고 흡수도 잘되서
만족해하시네요",1
59,평점5,21.04.05.,진액크림과 같이 사용중입니다 금방 간조하고 조엿는데 많이 좋아졌어요,1
60,평점4,21.03.27.,가격도 저렴하고 배송도 빠릅니다 잘쓸게요^^,1
61,평점5,21.04.04.,몇통째 쓰고 있어요~촉촉하고 보습력 좋아요,1
62,평점5,21.04.15.,매번 헌율 쓰는데 빨간쌀은 처음이네요,1
63,평점5,21.04.10.,잘사용하고있어요 촉촉해요,1
64,평점5,21.03.31.,유효기간 넉넉하고 좋아요,1
65,평점5,21.03.31.,촉촉함이 오래가서 좋아요,1
66,평점5,21.04.10.,사은품 짱 많이 주네요.,1
67,평점5,21.04.20.,"사은품도 넉넉하게 챙겨주시고, 배송도 빨랐습니다.
얼굴 바를때마다 촉촉해져서 계속 구매하는 제품입니다.",1
68,평점5,20.11.22.,날씨가 쌀쌀해짐과 찾아오는 건조함이 해마다 달라지네요 점도가 있어서 촉촉하게 피부보호막을 형성하는 느낌 흡수도 좋아요,1
69,평점5,20.12.05.,한율 처음써봤는데 순하고 좋은 것 같아요! 앞으로 자주 쓸 것 같아요 ㅎㅎ,1
70,평점4,21.03.23.,쫀쫀한?스킨이라고해야되나. 물같지않고 좀 끈적거리는 느낌. 근데 기름진 그런 스킨은 아니에요. 괜찮아요.,1
71,평점4,21.03.21.,겨울에 쓰기엔 보습력이 좀 부족하고 봄부터 가을까지 애용하는 편입니다,1
72,평점5,21.03.25.,하나씩 써 보면서 한율을 수집하고 잇어요.. 넘 좋아요 히히,1
73,평점5,20.11.07.,"패키지부터 너무 귀엽네요!!!
요즘 많이 건조했는데 이건 진액스킨 이름처럼 꾸덕한 질감이에요! 향도 많이 안진하고 은은하게 나요
냄새때문에 머리아플일은 없을듯
묽은스킨보단 확실히 보습력이 좋아요",1
74,평점5,21.04.07.,"잘 쓰고 잇어요^^
재구매 하려구요",1
75,평점5,21.03.24.,만족합니다 재구매할게요,1
76,평점5,21.04.03.,엄마가 아주 좋아하세요,1
77,평점5,21.03.17.,촉촉해요 환절기마다 구입해서 쓰는데 만족해요,1
78,평점5,21.03.25.,순해서 자극없고 엄청 촉촉해요~~늘 이것만 써요,1
79,평점4,21.03.26.,건성피부인데 바르면 금방 촉촉해져 좋아요,1
80,평점5,20.11.15.,포장이 깔끔해요. 스킨은 촉촉하고 좋아요.,1
81,평점5,21.03.06.,늘쓰는 거예요 여기가 싸고빨라요,1
82,평점5,21.03.02.,엄마께서 기존에 계속 사용하시던 한율 스킨을 거의 다써가셔서 하나 더 샀어요! 무난하게 쓰기 좋다고 하시더라구요! 샘플도 많이 넣어주셔서 잘쓰겠습니당,1
83,평점5,20.11.12.,"촉촉합니다 다 필요없고 진짜 촉촉해서
너무 만족스러워요
24시간 보습력이라고 광고하던데 그 이유가 있었네요
그렇다고 막 얼굴에 무겁게 느껴지는 보습 아니고 속부터 꽉 채우는 보습력이네요
굿굿!!",1
84,평점5,21.02.18.,"스킨 2개와 로션1개 구입했습니다
촉촉해서 보습력이 좋은 제품인 것 같구요
건성피부이신 분들께 잘맞는 것 같아요
엄마가 좋다고 또 주문해달라셔서
재주문했습니다",1
85,평점5,21.03.09.,너무조아여 또사야지 에헤헤헤,1
86,평점5,20.11.18.,"쫀쫀해서 겨울철에 사용하기 좋을꺼같아요!
그리고 패키지가 너무 예쁘네요ㅠㅠ",1
87,평점5,20.11.13.,콧물 제형이고 아주 쫀쫀해서 좋아요 나중에 본품 두매하려고여!!,1
88,평점5,20.11.13.,배송도 빠르고 진액 스킨답게 진득하니 더 촉촉한듯합니다. 저는 이런 느낌의 스킨이 더 좋아요.,1
89,평점5,20.11.09.,진액이라 요즘같은때에 촉촉하니 넘 좋아요,1
90,평점5,21.03.04.,수분을 쫙 잡아주는 느낌이라 좋아요^^,1
91,평점5,21.03.12.,엄마가 너무 좋아하세요 ㅎㅎ!!,1
92,평점5,21.03.02.,늘 쓰던거에요 좋아요 ㅎㅎ,1
93,평점4,21.02.06.,"은근 보습력이 좋아서 바르다가 안 바른 날에는 허전해서 찾게 되더라고요ㅠㅠ 피부에도 무리 없이 발려서 너무 좋았습니다! 얼마 안 남아서 아껴 쓰는중,,",1
94,평점5,21.02.18.,저번에 매실스킨사서 잘써서 이번에 다른걸로 주문해밨어요. 역시 샘플도 많이 보내주시고 상품도 만족합니다,1
95,평점5,21.02.20.,우와~산뜻하고 아침 공기를 느낄수 있는 청량감이 있어요 그런다고 그리 가벼운 스킨은 아니고 에센스. 진액 스킨이네요 ~넘나 좋아요 향기가 넘나 좋아요,1
96,평점3,20.11.07.,처음 써봤는데 쏘쏘해여 구리고 패키지가 너무 귀여워요 ㅜㅜ,0
97,평점5,21.02.12.,배송 빠르게 왔어요~ 전에도 쓰던거라서 잘 쓰겠습니다~:D,1
98,평점5,20.11.09.,아직 사용을 못했습니다! 쑥과 달리 쌀은 스킨이라하기엔 제형이 아주 되직한 느낌이드네요. 맑은 콧물 느낌이 아니라 걸죽한?..ㅎㅎ 묵직한 에센스 같은데요? 잘 맞았으면 좋겠어요 ㅎㅎ 샘플인데도 포장이 센스있고 귀엽네요,1
99,평점2,21.02.23.,봄에 쓸려고 주문했어요 배송이 많이 느리네요,0
100,평점5,21.02.27.,쓰던제품이에요 배송 빠르고 좋습니다,1
101,평점5,21.03.03.,열심히 토너로 잘 사용하고 있어요,1
102,평점5,21.03.05.,쫀뜩하면서 시원하게 찹찹 발려요,1
103,평점5,21.03.02.,잘쓰고있어요~ 좋아요,1
104,평점5,21.02.12.,늘 쓰는 제품이에요^^,1
105,평점4,21.02.20.,"가격도 좋고, 포장도 꼼꼼하고,,제품은 당연 촉촉하고 좋아요",1
106,평점5,21.01.27.,물스킨이 아니라 톡톡 치는 만큼 나와서 양 조절이 편해요! 꾸덕한만큼 촉촉합니다. 건조한 계절에 쓰기 좋을 것 같아요. 향은 은은해서 거부감 없어요.,1
107,평점5,21.02.28.,사용하던게 똑 떨어져서 급히 샀는데 배송 정말 빠르네요! 잘 쓰고 있어요,1
108,평점5,21.02.09.,피부가 아주건조한편인데 지속적으로 사용하다보니 부드럽고 촉촉함을 느껴 재구매하면서 하나는 친구에게 선물할려구 2개 구매했습니다.,1
109,평점5,21.02.09.,엄마가 사용하시는 제품이예요 쿠폰할인으로 좋은가격에 구매했습니다,1
110,평점5,21.02.19.,"남푠이 이것만 써요
순하고 좋아요",1
111,평점5,21.01.13.,이거 진짜 좋네요 기름지지도 않고 촉촉하고 아주 마은에들어요 기존 진액스킨보다 빨간쌀 버전이 더 마음에들어서 이걸로 계속 구매할굿같아요 한율 제품력 정말 좊아서 신제품들은 항상 기대됩니다,1
112,평점5,21.01.26.,"사용하던 제품 제쳐주고 쓸만큼 너무 좋아요
관자놀이 쪽으로 트러블이 올라와서 스트레슨데 이거 바르면 들어가는데 다음날 바로 보여요!",1
113,평점5,21.01.29.,"일주일만에 도착했어요!

세일품목인데 샘플도 많이 주시고 또 유통기한도 2023년까지 넉넉해서 만족입니다 :)

한달사용하고 후기 남길께요^^",1
114,평점5,21.02.09.,전에도 쓰다가 떨어져서 또 샀어요. 세안 후 바로 바르면서 온종일 촉촉해요,1
115,평점5,20.12.28.,"피부자극은 없고, 발림성이 좋아요.
스킨인데 진하고 조금 끈적한 느낌이라
이 계절에 딱 좋은거같아요.",1
116,평점5,21.01.22.,촉촉하고 좋습니다. 써보고 좋아서 한율 화장품 추가로 구매했아요,1
117,평점5,21.01.22.,"촉촉하구 좋습니다
겨울철에도 쓰기에 안 건조하고 좋아요!",1
118,평점5,21.01.28.,늘 쓰던건데 배송도 정말 빨리주셨어요 좋아요,1
119,평점5,21.01.14.,어머님께서 항상 쓰시는 제품이세요. 아무 화장품이 못 바르시는데 이 제품은 피부에 잘 맞으셔서 항상 주문해드려요. 싼 가격에 잘 샀네요.,1
120,평점5,21.01.28.,할머니 선물로 드렸는데 좋아하시네요~,1
121,평점5,21.01.22.,건성피부에 촉촉하니 좋은 것 같아요.,1
122,평점5,21.01.28.,피부가 촉촉해지고 부드러워 졌어요,1
123,평점5,21.01.26.,항상쓰던건데 배송완전굿~!!,1
124,평점5,21.01.13.,양이 꽤 되어서 한달넘게 썼어요 샘플이었는데도요 스킨팩으로 사용하지않는이상 한통사면 엄청 오래쓸 것같아요 촉촉하고 좋아요 향기도 좋고 빨간쌀 진액스킨 재구매 할 거예요 평점 만점!ㅎㅎ,1
125,평점5,21.02.05.,엄마집으로 보냇어요~~,1
126,평점5,21.01.26.,한율제품 넘좋아요.,1
127,평점5,21.02.07.,"너무
잘쓰고있어요~",1
128,평점4,21.05.06.,촉촉한 편이구요 달달한 향이나요. 독하거나 나쁘지는 않은데 무향 선호하시는분들은 매장에서 향 맡아보고 사세요. 무난하게 쓰기좋은 스킨인듯?,1
129,평점4,21.02.04.,"정말 진액ㅋㅋㅋ 엄청 찐득한 제형이예요
크림스킨이랑 이거랑 번갈아가면서 쓰는데 이게 좀 더 쫀쫀한? 콧물제형이예요",1
130,평점5,21.02.06.,빠른배송으로 잘 받았습니다! 기한도 넉넉합니다,1
131,평점5,20.08.12.,늘 쓰는 제품이에요. 촉촉하고 끈적끈적. 스킨도 끈적끈적~ 건조한 피부에 아주 좋아요. 건조한 제 피부에는 딱 좋아요. 가격이 저렴해서 구입했은데 유통기한도 넉넉하네요.,1
132,평점5,21.04.28.,"빠른 배송과 저렴한 가격.

유통공룡 롯데가 외형이 아니라 내실을 다지고 있는것 같아 다행입니다",1
133,평점5,21.01.23.,"한율은 늘 믿고 매번 쓰는 화장품이예요.
중성에도 잘 맞아서 좋아요",1
134,평점5,21.01.21.,"우연히 샘플받아 썼는데 피부에 잘맞아서 본품 샀어요~

좋아요",1
135,평점5,21.01.08.,두병째에요. 세안후 바로 바르면서 촉촉함이 오래가요,1
136,평점5,21.01.15.,체험으로 써봤는데 본품도 살거같아요 만족해요,1
137,평점5,21.01.08.,샘플로 받아서 썼다가 본품살라구오 짱좋아여,1
138,평점5,21.01.24.,"배송이 빠르고 좋아요
계속 한율만 사용중",1
139,평점5,21.05.10.,항상 좋아해서 같은것만 쓰고있어요,1
140,평점5,20.12.26.,늘 쓰던걸 저렴한 가격에 잘 샀네요,1
141,평점5,21.01.31.,굳굳굳 아주좋아요 최고,1
142,평점5,21.05.09.,촉촉하고 순해서 사용하기 좋아요.,1
143,평점4,21.01.11.,아직은 좋은거 같아요 촉촉해요,1
144,평점5,21.01.12.,촉촉해서 너무 좋아요,1
145,평점5,21.01.11.,빠른 배송에 너무 만족스럽습니다 딱히 파손된 곳도 없고 잘 왔습니다 쓰던거라 잘 샀어요~!,1
146,평점5,20.12.17.,촉촉하고 보습되는 느낌이 좋았어요! 그리고 바를 때 향도 괜찮았구요ㅎㅎ 들고 다니며 아주 유용하게 잘 썼습니다.,1
147,평점4,20.12.31.,요즘처럼 건조한 날씨에는 좋은거 같아요 끈적한 제형이라 바르면 촉촉하고 좋으네요 사용중인 스킨다 사용하면 구매할생각입니다,1
148,평점5,21.01.08.,"요즘쓰기 딱이에요 촉촉하고 촉촉함이
오래가서 쓰기 좋아요",1
149,평점5,21.01.05.,아침에 3스킨 해주면 겨울에도 화장 챱챱 잘먹어서 너무 좋았어요. 다 사용하면 본품구매하려구요!,1
150,평점5,21.05.06.,잘사용하고 있어요. 사은품도 아주 좋아요. 촉촉하고 순한느낌이 너무 좋아요,1
151,평점5,20.12.22.,"촉촉해서 매일 이 제품만 쓰는데 시중에서는 가격이 좀 부담스러운데 여기서 스킨과 크림 같이 사도 부담스럽지 않은 가격이여서 진짜 추천해요!
배송도 엄청 빠르고 만족스러워요",1
152,평점5,21.04.05.,"너무너무 좋아요 샘플도 챙겨주시고 잘쓰고 있어요 역시 한율 흡수력도 좋고 너무너무 만족하면서 쓰고 있습니다 다음애도 이 쿠폰이 계속 생겼으면 좋겠스빈다!!
다음에도 여기서 시킬게용",1
153,평점4,21.01.09.,"꾸떡꾸덕한 느낌으로 좋은 향이나요.
꾸준히 써봤디만 드라마틱한 효과는 모르겠어요.",1
154,평점5,21.04.10.,쫀쫀해 흘러내림이 적어 보습에는 탁월합니다 건조한 피부에 적극추천합니다 빨간쌀 라인을 써써 피부가 건조하지않고 매끄러워져 저절로 손이갑니다 로션 크림까지 모두쓰고있어 적그추천합니다,1
155,평점5,20.12.16.,"정말 좋습니다
오랜시간 촉촉함이 오래갑니다
처음으로 이렇게 만족스러운 화장품을 만났네요
추천합니다꾹꾹",1
156,평점5,21.04.21.,늘 쓰던 제품~건성인 제 피부에 딱 맞아서 쭉 쓰고 있습니다,1
157,평점5,21.05.05.,한 번 구입했다가 좋아서 계속 쓰고 있네요 :),1
158,평점4,20.12.29.,크기만 아쉽지 촉촉하니 좋아요 겨울에 최고,1
159,평점5,21.01.03.,양도 많고 촉촉하고 겨울에 쓰기 딱입니다,1
160,평점5,21.01.09.,아주 잘썼어요 예민한데 피부에 잘맞아요,1
161,평점5,21.04.27.,"한율처음써보는데 되게좋네요
만족합니다",1
162,평점5,20.12.23.,피부결이 많이 좋아졌어요. 맘에 듭니다.,1
163,평점5,21.01.17.,촉촉하고 좋아요 겨울에 쓰기 딱입니다,1
164,평점5,21.04.24.,또구매 할께요. 빠른 배성 좋아요,1
165,평점5,21.05.08.,엄마 어버이날 선물용. 촉촉해용,1
166,평점4,20.12.29.,체험용인데 용량도 많고 좋아요,1
167,평점4,21.04.23.,늘 사용하는 제품 맘에 들어요.,1
168,평점5,21.05.04.,좋아요 잘쓰고 있습니다,1
169,평점5,21.04.10.,"한율빨간쌀 진액스킨 에멀젼 크림 구매했어요
늘 사용하던거라. 만족합니다 감사합니다",1
170,평점5,21.03.31.,코로나로 계속 기초화장으로 사용하고 있는데 가격 대비 품질 만족합니다. 달랑 이것 하나만 주문했는데 샘플을 많이 챙겨주어 기분이 좋아요,1
171,평점5,21.01.08.,"엄마가 항상 쓰는 화장품이라 떨어지기전에 주문했습니다!
배송이 빨리 보내주셔서 감사합니다^^",1
172,평점4,21.01.06.,선물했어요 맘에들어하네요ㅎㅎㅎ,1
173,평점5,21.04.06.,"엄마가 꾸준히 사용하시는 제품이라서
주문했습니당
배송도 빠르고 좋아요
다음번에 또 구매할게요 :-)",1
174,평점5,21.01.08.,쓰던제품인데 배송빠르네요,1
175,평점5,21.05.10.,빠른 배송 감사합니다.,1
176,평점4,20.12.26.,진액 스킨이라 꾸덕질불 알았는데 생각보다 알콜 느낌이 많이나요,1
177,평점5,20.12.17.,피부가 매끈해지는 거 같아서 만족해요. 스킨향도 마음에 들어요.,1
178,평점5,21.04.10.,매번쓰지만 저렴하고 아이크림까지~~ 행사해서 잘 구입했어요,1
179,평점5,21.05.01.,계속 재구매하여 사용중이고 피부에 저자극이며 좋습니다,1
180,평점4,20.12.31.,촉촉하고 향이 나쁘지 않요 트레블 케어는 잘 모르겠어요,1
181,평점4,21.04.09.,촉촉하고 좋습니다. 엄마가 쓰시길래 써봤는데 좋아요,1
182,평점5,20.12.16.,샀을때 찍어둔 사진이네요.. 피부결 좋아졌어용,1
183,평점5,21.04.30.,집에서 구매할수있어좋았고 매우촉촉합니다,1
184,평점5,20.12.22.,저렴하게 구매 하엿네요 부드럽고 좋아요,1
185,평점5,21.04.30.,어머니가 쓰시는거라 재주문해드렸어요,1
186,평점5,20.12.16.,좋아요 오프라인보다 저렴하게 샀어요,1
187,평점5,20.12.31.,좋아요 체험 이벤트 자주 열어주세요,1
188,평점5,20.12.26.,좋아요 쓰던거 다쓰면 사볼까합니다,1
189,평점5,20.12.28.,좋아요 어머니가 항상 쓰시는거에요,1
190,평점4,20.12.18.,엄마가 항상 쓰시는 제품이에요~,1
191,평점5,20.12.24.,아주 만족스럽게 잘 쓰고있어요!,1
192,평점5,20.12.21.,저렴하게 체험해서 좋았습니다!,1
193,평점5,20.12.30.,진액스킨이름답게 좋아요,1
194,평점5,20.12.22.,너무 좋아요 촉촉 보습!,1
195,평점5,21.04.22.,제품 잘 쓰고 있습니다.,1
196,평점5,21.01.02.,잘 사용하고있습니다!,1
197,평점5,21.01.01.,선물하기 좋아요 ㅎㅎ,1
198,평점5,21.05.01.,촉촉하고 잘발려요~^^,1
199,평점4,21.05.01.,한율 늘 써요 좋아요,1
200,평점5,20.12.21.,촉촉해요 ! 잘쓸게요,1
201,평점4,21.04.21.,잘받았습니다. 한율 회사는 같은데 전에쓰던게 안나와서 써봅니다.,1
202,평점5,20.12.23.,제형도 쫀득쫀득하고 용량도 많고 다 좋아요,1
203,평점4,20.12.27.,3스킨할때나 콧물스킨필요할때 유용했어요 저렴하게 잘이용했습니다^^,1
204,평점5,21.04.01.,상품도 만족하고 배송도 만족합니다.,1
205,평점5,20.11.09.,패키지가 귀여워요~건성 피부인데 점도 있는 제형이라 피부에 촉촉하게 흡수되어 보습효과가 좋아서 만족해요em>~~,1
206,평점5,20.12.17.,쓰고있는거 다 쓰면 쓸려고 냅뒀늠데 좋다고들 많이해서 조만간 쓸예정이에용,1
207,평점5,20.11.13.,이번에 처음 써보는데 대만족 해요! 가격도 좋고 쭉 사용해 볼거 같아요 촉촉하고 진정도 잘되고 이런 체험딜 나무 좋아요 어느정도 사용해 보고 구매항수 있어서,1
208,평점5,20.12.15.,가볍게 토너로쓰기좋고 생각보단 끈적거리며촉촉한타입입니다,1
209,평점2,20.12.11.,건조하고 묽어요. 금방 흡수됩니다. 향이 진하지않아 좋아요,0
210,평점5,21.03.18.,"세일을 많이해 저렴하게 샀어요
보습력이 좋아 요것만써요",1
211,평점3,20.12.04.,피부 트러블이 없고 보습에 좋아서 촉촉함이 오래가요,0
212,평점5,20.12.21.,세수하고 쌀진액스킨 한가지만 바르는데 촉촉해요,1
213,평점5,21.03.23.,"꾸준히 사용하는 제품입니다. 보습력도 좋고 향도 거의 없어서 좋습니다.
아들이 물광피부냐고 물어보네요 :)
앞으로도 사용할 예정입니다.",1
214,평점5,20.12.10.,발림성도 좋고 촉촉해요. 본품 구매 예정입니다.,1
215,평점4,21.04.06.,너무 건조해져서 샀었는데 도움 많이 받았어요. 트러블이 나지도 않고 수분팩으로도 활용했더니 건조한거 많이 좋아졌어요,1
216,평점5,20.12.12.,순하고 촉촉해서 좋아요 본품도 써보고싶네요,1
217,평점5,21.04.15.,자주 쓰는 제품이네요 촉촉하고 윤기나요,1
218,평점5,21.04.02.,"이 제품을 찾는데 다른곳 보다 저렴했어요
스킨을 로션보다 더 많이 ㅆ는 편입니다",1
219,평점5,20.12.20.,"촉촉하고 순해요
피부 보습이 잘됩니다",1
220,평점5,21.03.26.,"가성비 좋아요.
저렴하게 구입 했어요",1
221,평점5,20.12.09.,조금 사용했는데도 촉촉하고 좋네요,1
222,평점5,21.04.01.,촉촉하게 흡수되고 향도 좋아요,1
223,평점5,20.12.25.,너무 좋아여 재구매하고싶네요,1
224,평점3,21.03.31.,촉촉합니다 싸게잘구매햇어요,0
225,평점5,20.12.21.,요즘같은때에 바르면 좋아요,1
226,평점5,20.12.18.,잘 사용했어요 감사합니다^^,1
227,평점4,21.04.02.,늘쓰던거고 배송도빠르구요,1
228,평점5,21.03.29.,항상 쓰는 제품 아주 좋아요,1
229,평점5,21.04.20.,좋 아 요 매번 주문해요,1
230,평점5,21.04.11.,몇년째쓰는제품입니다,1
231,평점5,20.12.14.,촉촉하고 좋아요 ㅎㅎ,1
232,평점5,21.04.10.,"어머니가 좋아하시는 브랜드고, 자주 쓰시던거라서 쓰면서 자극적이지 않다고 좋아하세요. 계속 쓰시는거 보면 좋으니까 쓰시겠지요?",1
233,평점4,20.12.25.,잘 쓰고 있습니다..,1
234,평점4,21.03.12.,가격이 싸다고 생각하고 주문했는데 받고보니 150ml였네요. 타사이트에서 200ml 이거보다 더 싸게 샀더라고요. 티할인해서 샀는데도 더 비쌉니다ㅠ 샘플조차도 하나 없네요ㅠㅠ 제품은 마음에 들어요. 촉촉합니다.,1
235,평점5,21.03.27.,"엄마가 쓰시는건데요
요 쌀라인만 항상 사용하세요 ㅎㅎ
제품 구매할때 마다 두개씩 사서 사용합니다
정말 믿고 쓰는 제품이래요
피부에 잘 맞게 쓰신다고 하니 저도 안심하고 사드립니다~^^",1
236,평점5,21.04.14.,"저도, 어머니도 쓰는 제품입니다
말해뭐해 걍 좋아요
여긴 배송도 빠르네요 ^^",1
237,평점5,21.03.28.,"사계절 무난하게 잘 사용하고 있어요.
찐덕임 없이 빠르게 흡수되어 여름엔 좋은데
겨울엔 스킨로션만으론 부족한감이 있어요
다른 제품과 함께 쓰면 좋아요~~",1
238,평점5,20.12.08.,묽은점성이아니어서겨울에보습력이좋아요! 겨울철스킨으로딱좋아요,1
239,평점5,20.11.26.,엄마 사드렸는데 촉촉하고 좋으시데요~~ 샘플도 많이 주시고 귀여운 도시락도 왔네요 ㅎㅎㅎ 엄마는 몇년때 꾸준히 이거만 쓰세요 ㅋ!!,1
240,평점5,20.11.15.,"진짜 촉촉하고 보습력이 오래가는 느낌
주변에 계속 추천중이에요ㅎㅎ
정말 좋습니다",1
241,평점5,20.12.18.,"좋아요
피부 부들부들 흔구같으요",1
242,평점5,20.11.07.,역시 한율 제품은 순하고 효과가 좋아요~ 체험용으로 사용 할 수 있어서 좋았어요^^,1
243,평점5,20.11.11.,"콧물스킨인데 흡수도 빠르고 촉촉하니 좋아요
다음에 큰거 사야겠어요ㅎㅎ",1
244,평점5,21.04.18.,빠른 배송 감사합니다,1
245,평점4,20.12.14.,아직 사용전이지만 좋을거 같아요 합리적인 가격에 써볼수잇어서 굿,1
246,평점4,21.04.07.,"늘 구매해서 사용중입니다
쌤플.더 주셔도 되는데 ㅋㅋ 딱 사진에.나와있는거 만큼.주셨오요 ㅎㅎ
잘쓸게요 빠른배송 감사합니다",1
247,평점5,20.11.07.,요새 마스크 쓰구 다녀서 아무리 보습을 잘해줘도 금새 건조해지는데 빨간쌀 진액스킨은 촉촉함이 굉장히 오래가는거 같아요~ 마스크 속에 제 피부가 당기는것두 적어지구요~ 너무 맘에 들어요~ 재구매 예약이용~^^~,1
248,평점5,20.12.10.,촉촉해서 로션 안발라도 될 정도예요 괜찮네용,1
249,평점5,20.12.04.,리뉴얼전에 잘 썼던건데 후에도 좋네요 만족,1
250,평점5,21.04.01.,촉촉하고 산뜻한 마무리감으로 쓰기 좋아요.,1
251,평점5,21.03.29.,엄마 사드렸는데 촉촉하고 좋다고 하시네요 한율 제품 처음이었는데 다른 제품들도 구입해봐야겠어요,1
252,평점3,20.12.13.,작은 사이즈인줄 알았으면 안샀을텐데요,0
253,평점5,20.12.11.,엄마가 좋다고 하셔서 본품주문하려구요,1
254,평점5,20.11.25.,저렴하게 사서 잘 썼습니당 감사합니다~=,1
255,평점5,20.12.05.,체험단용이라 일단 열심히 써보는중..,1
256,평점3,21.03.21.,기타 인터넷 쇼핑몰 대비 가격이 비싸네요. 전체적으로 비싸다고 판단됩니다.,0
257,평점5,20.12.14.,아직 써보진않았지만 기대되요,1
258,평점5,20.12.12.,촉촉해서 너무 잘 쓰고 있어요,1
259,평점5,20.12.02.,너무 저렴하게 잘 구매했어요,1
260,평점5,20.12.01.,향도 좋고 촉촉하니 좋아요,1
261,평점5,20.11.29.,순하고 촉촉해서 좋아요.,1
262,평점5,21.03.21.,첫구매입니다.만족해요,1
263,평점5,21.03.27.,좋아요^^ 어머니 선물 해드렸는데 좋아하세요. 쓰던건데 싸게 잘 샀어요,1
264,평점5,20.11.10.,첫사용 느낌은 좋아요,1
265,평점5,20.12.05.,아주 좋습니다 순해요,1
266,평점4,21.03.23.,"가벼워서 좋고 향도 좋고 촉촉해서 좋아요
한율 상품은 실패가 없네요",1
267,평점5,20.11.09.,쑥이랑 빨간쌀 모두 구매했는데 같은용량인데 빨간쌀이 더 작아보이고 화장솜에 적셔서 팩처럼 했는데 진정효과 좋아요,1
268,평점5,20.11.10.,기존에 작은병 샘플로 써보고 좋은것같아서 이번에 체험분 신청했습니다. 꾸덕한 콧물스킨 느낌이고 건성인 제가 지금계절에 쓰기에 촉촉하니 좋아요.,1
269,평점5,20.11.10.,제형이 신기했어요. 점도 있는 제형인데 끈적이지 않아요. 두 번 정도 발라주니 굳이 에센스 써주지 않아도 수분감도 만족스러워요. 다쓰고 본품도 구매해보려구요,1
270,평점5,20.11.10.,별 기대 안했는데 되게 좋아요!!! 순하고 속보습되느 ㄴ느낌인데 끈적거리진않네요 본품구매 생각있어요,1
271,평점5,20.11.10.,"손에 먼저 테스트 해봤는데요.
촉촉하고 향도 좋아요. 샘플 다 써보고
본품 구매하러 올게요~!",1
272,평점5,20.11.07.,"흐르지않아 맘에 들고 수분가득 너무 좋아요^^
꼭 본품구매해야겠네요~
배송 굿!!",1
273,평점5,21.03.23.,"좋은 상품을 좋은 가격을 구매해서 좋아요
배송도 빨랐어요 감사합니다",1
274,평점5,21.04.07.,너무 좋으네요 ㄷㄹㄷㄴ,1
275,평점5,20.11.22.,에센스같은 스킨이라 촉촉해요. 겨울에 사용하면 너무 좋을거같아요,1
276,평점5,20.11.08.,민감성 피부인데 자극없이 촉촉하고 좋네요 다 쓰고나면 본품 구매할려구요 근데 50ml 정말 작네요,1
277,평점5,20.11.18.,수부지인데 촉촉하니 좋은듯합니다 포장이 너무 귀엽게 왓어요,1
278,평점5,20.11.12.,물스킨 아니라서 좋네요 촉촉한 스킨이라 피부에 잘 스며들고 보호되는 느낌이에요 그리고 패키지가 너무 귀엽네요,1
279,평점5,20.11.28.,예민하고 자극적인걸 싫어하는 피부인데 아주 만족스러워요,1
280,평점5,20.11.10.,요즘같은 날씨에 촉촉하고 좋아요 패키지도 귀여워요ㅎㅎ,1
281,평점5,20.11.25.,점성이 있는 편이라서 흡수 시켜서 쓰고 있어요 촉촉해여,1
282,평점5,20.11.17.,꼭 사용해보고싶었는데 기회가 좋아서 주문하게되었습니다~ 향도 좋고 촉촉해서 좋아요!,1
283,평점5,20.11.10.,향이 좋고 피부에 열감이 있는데 제법 잠잠해졌어요,1
284,평점4,20.12.01.,에센스 겸용으로 사용할 수있는 토너라서 좋았어요.,1
285,평점4,21.03.11.,상품만족하고 배송빠르고 안전하게 잘 받았습니다,1
286,평점5,20.11.11.,써보고 싶었는데 저렴하게 사서 좋아요 촉촉해요,1
287,평점5,20.11.22.,겨울에 사용허기 딱 좋은 쫀득 재형의스킨에요,1
288,평점5,20.11.20.,촉촉하고 부드러워요 자극도 없고 체험단 이벤트로 구매했는데 재구매의사있어요,1
289,평점5,20.11.10.,예쁜 포장에 와서 좋았어요 촉촉하고 좋네요,1
290,평점5,21.03.09.,6년정도 사용하고 있는데 항상 만족스러워요,1
291,평점5,20.11.12.,좋아요!!!늘 초록색만썬ㅆ는데붉은색도최고,1
292,평점4,20.11.16.,내피부에 잘맞는 것 같아요 향도 좋습니다,1
293,평점5,20.11.09.,포장도 너무 예쁘고 싸게 잘 사서 좋아요!!,1
294,평점4,21.03.08.,선물드렸는데 아주 마음에 들어하시네요,1
295,평점5,21.03.15.,쿠폰과적립금으로저렴하게잘구입했어요,1
296,평점5,20.11.14.,촉촉하고 좋아요 두 종류 다 주문했어요,1
297,평점5,20.11.23.,한번 써보고싶었는데 너무 맘에들어오,1
298,평점3,21.03.13.,가격대비 상품이 가성비가 좋아요,0
299,평점5,20.11.23.,겨울에 쓰기 좋아요 만족합니다,1
300,평점5,21.03.28.,사계절 무난히 사용하고있어요,1
301,평점5,20.11.24.,좋아요 크키도 생각보다 커요,1
302,평점5,20.11.11.,촉촉하고 흡수도 좋네요 ㅋ,1
303,평점4,20.11.29.,패키지도 이쁘고 촉촉해요~,1
304,평점5,20.11.15.,저렴하게구매해서 좋아요~,1
305,평점5,21.03.12.,가격대비 아주 좋습니다...,1
306,평점5,20.11.29.,촉촉하고순한거닽아요,1
307,평점5,20.11.12.,아주 촉촉하니 좋네요,1
308,평점5,20.11.10.,향도 좋고 순하네요!,1
309,평점5,21.03.20.,제품 잘 받았습니다.,1
310,평점5,21.02.25.,피부도 예민해서 아무거나 바르면 트러블 나는데 이 스킨은 순해서 트러블 날일도 없어요!! 수분도도 높아서 스킨 만 발라도 피부가 촉촉해요!!,1
311,평점5,20.11.07.,"제가 건성인데 겨울철되니까 일반 토너는 건조하더라고요. 그래서 좀 진득한 텍스쳐를 원했어요!!
건조한게 좀 덜하네요 ㅎㅎ 더써보고 다시 리뷰해야할거앝습니다 일단 좋음",1
312,평점3,21.03.17.,잘받았읍니다,0
313,평점1,21.03.19.,포장박스랑 내부 종이포장지 다 뜯긴 상태로 오네요ㅋ,0
314,평점5,20.11.19.,"샘플 굿굿 확실히 겨울에는 넘좋네요. 에멀젼빼고 스킨, 크림 두개만써도 충분해요 여름에는 다른 라인써야겠어요. 여름엔 많이 찐득함이 겉돌거같고요. 지금 딱좋아요",1
315,평점4,20.11.07.,민감성 트러브루피부라 가을 겨울만 되면 피부가 많이 건조하고 예민해져요. 트러블 때문에 아무 화장품이나 바르지 못하는데 일단 바른뒤 트러블이 없었어요. 그리고 건조한 피부에도 촉촉함이 느껴져서 좋아요.,1
316,평점5,20.11.13.,요새 피부가 너무 건조했는데 촉촉하고 너무 좋아여,1
317,평점5,20.12.11.,너무좋아요 짱이에요 좋아요,1
318,평점5,20.11.18.,촉촉해서 급할땐 이것만 손으로 톡톡 흡수시켜요! 살짝 끈적이기는 한데 그만큼 보습이 잘 안날라가요,1
319,평점5,20.11.09.,"샘플임에도 포장도 이렇게 이쁘게 해주시고 ㅠㅠ
요즘 환절기라서 너무 건조했는데 촉촉해서 좋아요",1
320,평점5,20.11.18.,"체험단 제품 치고 포장 상태 완전 고급지네요
한번도 안써봤는게 한율 믿고 쓰는 브랜드라 기대되요",1
321,평점5,20.11.13.,찬 바람 불고 속건조가 심해서 이것저것 써봤는데 빨간쌀 진액 스킨 좋아요! 여러번 레이어드 해서 발라주면 촉촉합니다~,1
322,평점3,21.02.28.,항상 스킨케어 한율로쓰는데 쌀 라인이 여름겨울 적당히 촉촉하게흡수되서 좋더라규요,0
323,평점5,21.03.10.,촉촉한 거 좋아하는 어머니께서 쓰시는 제품이에요. 벌써 몇 통째인지도 모르겠네요:),1
324,평점5,21.03.14.,얼굴에 금방 스며드는 느낌입니다 타제품보다는 스킨을 조금 많이 쓰게 되는거같아요,1
325,평점5,20.11.07.,체험상품인데 용량이 아주 넉넉해서 한참 쓰겠어요~ 써보고 좋으면 구매하겠습니다!,1
326,평점5,20.11.21.,평소에 써보고 싶었는데 체험단으로 사용기회가 와서 좋아요. 제형도 만족스러워요,1
327,평점5,20.11.07.,테스트 해봤는데 촉촉하고 좋은 것 같습니다 ㅎㅎ 포장듀 꼼꼼하게 되어서 왔어요,1
328,평점5,20.11.10.,"사진찍고 바로 발라봤는데 발림성 향 어느하나 놓칠 것 없이 편안하네요, 이 걸로 정착하면 되겠네요잘쓸게요!",1
329,평점5,20.11.10.,아니~ 체험 상품 주문하면서 포장이 이렇게 이쁠 일인가요?배송도 빠르고 좋아요,1
330,평점5,20.11.21.,스킨이지만 진한 농도로 에센스 없이도 쫀쫀하고 촉촉해서 마음에 들어요,1
331,평점4,20.11.10.,바르고난후엔 괜찮은거 같아요 다른주분은 몇일더 발라봐야 알것같네요,1
332,평점5,20.11.16.,평소에 써보고싶었는데 체험하게되서 좋아요. 트러블없어요 아직까지,1
333,평점5,20.11.20.,"좋아요 관심있었는데 체험판을 접하게 됬네요!
포장이 너무 귀여워요..",1
334,평점5,20.11.10.,"이렇게나.포장 귀엽기 있나요?
한율 좋은거야 뭐. .써보고 싶었던거라",1
335,평점4,21.03.01.,민감성 피부인데 크라블 없이 촉촉하고 향도 좋고 마음에 들어요!,1
336,평점5,21.02.01.,늘 사용하는 제품이라 저렴한곳을 찾았는데 저렴하고 배송도 빨라 기분좋은 쇼핑이었습니다. ^^,1
337,평점5,20.11.10.,"배송 엄청 빠르고 싸게 잘샀어요
써보고싶었는데 정말 좋네요^^",1
338,평점3,20.11.17.,촉촉하긴 한데 잘 모르겠어요 그냥 다른 제품이랑 비슷해요,0
339,평점4,21.03.04.,매번 쓰던 제품이라 재구매건조한 피부에 촉촉해서 좋아요,1
340,평점5,20.11.12.,사용전이라 아직 모르겠지만 피부에 맞으면 좋겠네요.,1
341,평점5,20.11.10.,잘 쓰던 제품 저렴하게 구매할 수 있어서 좋았어요^^,1
342,평점5,21.03.12.,스킨은 한율 빨간쌀진액만 쓰는데 앰플같고 좋아요!,1
343,평점5,20.11.12.,원래 발효가 잘맞아서 잘 쓰고있습니다. 촉촉해요,1
344,평점5,21.03.15.,"잘 받았습니다.
어머니가 이제품만 사용하시네요.",1
345,평점5,20.11.10.,진득한 제형인데 안끈적이고 괜찮아요 촉촉해요,1
346,평점5,20.11.10.,증말 좋은데 이렇게 이벤트까지 해서 더 좋아요,1
347,평점4,20.11.10.,아주 좋은건 모르겠지만 무난히 사용중입니다,1
348,평점5,20.11.10.,촉촉하고 부드러워요 재구매 할 것 같네요,1
349,평점4,20.11.10.,패키지도 예쁘고 배송도 빠르고 촉촉해요,1
350,평점5,20.11.07.,촉촉하고 맘에들어여 부드럽게 발려요!,1
351,평점5,20.11.11.,아직 안써봤는데 세살쑥만큼 좋겠죠..?,1
352,평점5,20.11.12.,촉촉해서 스킨팩으로 사용하기 좋아요,1
353,평점5,20.11.09.,배송이 빨라서 좋고 상품도 좋아요~~!!,1
354,평점5,20.11.12.,써보고싶은 제품이였는데 잘쓰께용~!,1
355,평점5,20.11.10.,포장도 특이하게 예쁘네요 잘 쓸게요,1
356,평점5,20.11.09.,저렴하게 샀어요 빠른배송 감사해요,1
357,평점5,20.11.09.,아주 촉촉하고 발림성도 좋아요!!!!,1
358,평점5,20.11.10.,좋아요 촉촉하고 안끈적이고 만족,1
359,평점5,20.11.10.,좋아요 테스트용으로 구매했어요,1
360,평점3,20.11.16.,촉촉해요. 제품은 나쁘지않아요.,0
361,평점5,20.11.10.,에센스 제형 스킨이라 촉촉해요,1
362,평점5,20.11.14.,빠르게 받았습니다! 잘 쓸게요,1
363,평점5,21.03.04.,좋은 가격에 잘 구매했습니다.,1
364,평점5,20.11.14.,좋아요 다음에 본품 사고파요,1
365,평점5,20.11.11.,배송 완전 빠르고 잘받앗어요,1
366,평점5,20.11.15.,저렴하게 써볼수있어 좋아요,1
367,평점5,21.03.02.,촉촉하고 좋아요 만족합니다,1
368,평점5,20.11.17.,촉촉하고 향도 좋아요 촉촉한거 같은데 무겁지 않아 좋아요,1
369,평점5,20.11.11.,"좋아요^^
포장도 귀여워요 ㅎ",1
370,평점5,20.11.12.,겨울에 쓰기 딱 좋아요 ㅎㅎ,1
371,평점5,20.11.12.,생각보다 너뮤 작아요 ㅋㅋ,1
372,평점5,20.11.12.,배송이 빠르고 좋았습니다,1
373,평점5,20.11.10.,너무 좋아요~~ 감사합니다,1
374,평점5,20.11.07.,건조한피부에종말좋아요,1
375,평점5,21.02.28.,배송도 빠르고 잘쓸께요,1
376,평점5,20.11.12.,배송이 진짜 빨랐어요!,1
377,평점4,21.03.03.,꾸준히 쓰고 있습니다.,1
378,평점5,20.11.11.,생각 이상으로 좋네요,1
379,평점5,20.11.10.,구매완료 잘쓸게요.,1
380,평점5,21.03.05.,사용해보니 좋네요~,1
381,평점5,20.11.11.,"잘 쓰겠습니다,,,",1
382,평점3,21.03.07.,잘 받았습니다.,0
383,평점5,20.11.09.,립밤이랑 크기 비교해봤는데요 생각보다 큰 게 와서 놀랐어용 물스킨 아니구 콧물 제헌의 스킨이라서 더 촉촉하고 그냥 손으로 발라도 될 것 같아서 만족스럽습니다!,1
384,평점5,21.01.14.,"샤워하고 나와서 바르면 촉촉하구 막 좋아요
향도 자극적이지않고 무난해서 좋았습니다!
거의 무향에 가까워요 ㅎㅎ 양도 많은 것 같아서 만족합니다! 피부 트러블도 조금 가라앉은 거 같아요 !",1
385,평점5,20.11.09.,패키지도 너무 예쁘고 발림성도 너무 좋아서 맘에들어요!!,1
386,평점4,21.03.06.,배송은 엄청빠릅니다 제품은 써봐야 알겠습니다,1
387,평점5,20.11.12.,아직 못써봤지만 배송은 정말 빠르네요 써보고 효과좋으면 본품 구매할게요!,1
388,평점5,20.11.08.,"자극감은 못느꼈어요
촉촉해서 만족합니다
마스크 때문에 턱에 트러블 자주 생기는데
꾸준히 써 보고 한달 후 리뷰 써 볼께요",1
389,평점5,20.11.09.,"체험할수 있는기회가 생겨서 신청해봤는데
생각보다 너무 좋네요! 쫀쫀하고 이거 한통 다쓰면 아예 구매할려고요",1
390,평점5,20.11.10.,어머니가 화장품 바꿔야한다고 하셔서 찾던 중에 딱 체험용이! 어머니가 좋다고 하시네요,1
391,평점5,20.11.08.,원래 이 라인 좋아하는데 기회가 되어서 바로 구매했어요~ 패키지도 너무 귀여워요,1
392,평점5,20.11.07.,"촉촉해요! 패키지가 너무 귀여워요
큰 거 사기전에 미리 써보려고 구매했어요 ㅎㅎ",1
393,평점5,20.11.07.,포장부터 정말 고급지더라구요! 원산지랑 재배자 이름을 적어놓은게 독특했어요,1
394,평점5,20.11.08.,"워낙 유명한 제품이라~ 잘 쓸게요^^
포장이 너무 예쁘게 왔어요^^ 감사합니다 ~",1
395,평점4,20.11.09.,"묶음으로 보내실꺼면 배송비를 받으면 안되는거 아닌가요??
기분은 별로네요",1
396,평점5,20.11.07.,"체험단용 구매했어요
여행 때 가지고 다니기 딱 좋은 사이즈입니다
써보고 괜찮으면 본품 구매하려구요",1
397,평점4,20.11.07.,배송이 빨라서 좋고 체험단으로 잘 써보고 좋으면 본품 구매할게요!!,1
398,평점5,21.03.04.,건성피부라 약간 끈적이는 제품을. 찾고 있었는데 잘 구입했습니다.,1
399,평점4,21.02.16.,한율 극진 제품을 계속 사용했는데 이번에 이 제품으로 주문했어요. 수분감이 있고 흡수력도 좋아요.,1
400,평점5,20.11.08.,제형이 꾸덕한데 엄청 촉촉해요 이거 하나만 발라도 안 건조하네요,1
401,평점5,21.02.20.,항상 이 스킨만 사용하시는데 가격이나 배송 모두 만족스럽습니다.,1
402,평점5,21.03.04.,엄마한테 사드린 동일 상품입니다~~괜찮다고하셔서 가격 검색해서 구입했습니다 아직 사용전이지만 동일제품인지라 괜찮겠지요?^^,1
403,평점5,20.11.07.,"딸과 함께 체험단용 구매했어요
여행 때 가지고 다니기 딱 좋은 사이즈입니다
써보고 괜찮으면 본품 구매하겠습니다",1
404,평점5,20.11.09.,"50ml 배송비만 내고 구매했는데, 테스트용으로 쓰기 좋습니다.",1
405,평점4,20.11.08.,"콧물 스킨 제형이네요
지금보단 한겨울에 용이할것 같습니다",1
406,평점5,21.02.13.,저번에 사고 두번째 구입합니다\n너무비싸지도 저렴하지도 않은 라인이라 자꾸 찾게돼요,1
407,평점5,20.11.07.,샘플 써보고 좋으면 또 구매하겠습니다. 배송 빨라요,1
408,평점5,21.02.27.,한율 쌀 진액때부터 계속 구매하는 화장품입니다,1
409,평점5,20.11.07.,"원래 쓰던거라 구매했어오
배송도 빠르고 좋네요",1
410,평점5,20.11.09.,배송 빨라요~! 써보고 괜찮으면 구매하려구요,1
411,평점4,20.11.09.,겨울에 쓰기 좋은 스킨 ~~~매우작아요ㄷㄷㅋ,1
412,평점5,20.11.09.,배송도 빠르고 포장도 깔끔하게 잘 왔어요.,1
413,평점5,21.02.22.,생각보다 훨씬 촉촉하면서도 끈적이지 않음,1
414,평점5,21.03.04.,평소 사용하는 제품이라 믿고 구입했어요,1
415,평점5,20.10.07.,촉촉하고 보습도 괜찮은 편인거 같아요~,1
416,평점5,20.11.08.,좋아요 사이즈는 여행용으로 딱이네요,1
417,평점5,21.02.07.,항상 쓰는 제품 저렴하게 구매했어요.,1
418,평점4,20.11.08.,그냥그래용 평범하게바르기좋은정도,1
419,평점5,20.11.07.,요즘 피부가 건조한데 아주 좋아요!!!,1
420,평점5,20.11.09.,스킨이 아주 쫀쫀하고 좋아보이네요,1
421,평점5,20.11.09.,촉촉하고 부드러워지는 것 같아요,1
422,평점5,20.11.08.,배송 빠르고 좋은 제품 잘 샀어요,1
423,평점5,21.02.11.,트러블없이 잘 사용하고 있어요^^,1
424,평점5,20.11.08.,촉촉하고 배송 패키지가 예뻐요,1
425,평점5,20.11.09.,체험해보고싶었는데 좋아요~~,1
426,평점5,20.11.08.,ㅏㅈ극적이지 않아 넘 좋어요,1
427,평점5,20.11.08.,너무 좋아요 잘 쓰겠습니당,1
428,평점5,20.11.09.,역시 한율..최고입니다💕,1
429,평점3,20.11.09.,한율 진액스킨 구입했어요,0
430,평점5,21.02.08.,늘쓰던거예요 맘에들어요,1
431,평점5,20.11.08.,원래 쓰던거라 넘 좋아요,1
432,평점5,21.02.17.,감사합니다^^ 잘쓸게요!!,1
433,평점5,20.11.08.,포장지 취향저격입니다,1
434,평점5,20.11.07.,배송이 빨라서 좋네요.,1
435,평점5,20.11.09.,트러블날때써보려고요,1
436,평점5,21.02.27.,아주좋아요,1
437,평점4,21.01.23.,늘 사용 하지만 제형이 묽지않고 쫀쫀해서 더 탄럭이 있는 듯하고 흡수력도 좋고 건조한 계절에는 특히 더 좋은 듯 사용 후피부 당김이 많이 없고 지속력도 오래 가는 듯,1
438,평점4,21.02.09.,요즘 인생 최고로 건조해서 콧물스킨으로 기초 관리하려고 주문했어요 오자마자 손과 목에 발라봐서 아직 얼마나 촉촉한지는 잘 모르겠어요.,1
439,평점5,21.02.17.,늘 쓰던제품~ 빠른배송 ㄱㅅ합니다~,1
440,평점4,21.02.19.,"엄마 드릴려고 구매했어요
에센스 성분까지 있다고 하고,
한율이라 믿고 사봅니다",1
441,평점4,21.02.17.,세안후에 당김이 있었는데 촉촉하고 잘 스며드네요. 끈적임도 없어서 아침 저녁으로 잘 사용하고 있습니다.,1
442,평점3,21.02.03.,늘 쓰는 제품이고 건조한 계절에 촉촉한 피부를 유지할 수 있어 좋습니다,0
443,평점5,21.01.19.,체험단이벤트로 구매해서 사용했었는데 트러블없이 좋았어요,1
444,평점5,21.02.15.,60대 어른이라 보습이 중요해서 이걸로 골랐어요,1
445,평점4,21.02.21.,어마니꺼서 쫀쫀하고 촉촉해서 좋다고 하시네요,1
446,평점5,21.02.01.,사용 하던 제품이라 믿고주문 역시 만족합니다,1
447,평점5,21.02.16.,빠른배송 감사합니다 항상이용하는 상품으로 인터파크에서 저렴하게 구입했습니다,1
448,평점5,20.10.13.,자극없는촉촉함에 샘플도많아서조음ㆍ,1
449,평점5,21.01.24.,"늘 사용하는 제품입니다~
너무 좋아요^^",1
450,평점4,21.02.05.,선물해드렸는데 마니 좋아하시네요,1
451,평점5,20.11.07.,체험단 이벤트에 신청해서 배송비만 내고 받게되었어요 배송 정말정말 빨랐구요 써보고 좋으면 본품 구매하고싶어요,1
452,평점5,20.10.23.,친규 선물해줬어요 너무 조아해요,1
453,평점5,21.01.30.,좋아요 향도 좋고 배송도 빠르고,1
454,평점5,21.02.15.,별 이상없이 잘 사용중입니다^^,1
455,평점5,21.02.09.,크게 자극없이 만족스러워용~,1
456,평점5,20.10.28.,늘 쓰는 한율 라인들 다 좋아요 !@ 이것도 꾸준히 쓰는거라 자주 주문합니다 ㅎ,1
457,평점5,21.02.08.,가격대비 대만족입니다.,1
458,평점5,21.02.14.,넘 좋아여 재구매할게용,1
459,평점5,21.01.31.,가격 저렴하고 좋아요~,1
460,평점5,21.01.31.,한율 쌀 진액이 단종되고 새로운 상품 한율 빨간쌀 진액이 가격은 더 저렴하면서 화장발은 더 잘 받네요. 참 좋습니다.,1
461,평점5,21.02.13.,리치한 느낌,1
462,평점4,21.02.05.,괜찬아요 듬뿍바르기좋아요,1
463,평점5,21.02.02.,"매장에서 구입할때보다 샘플이 넉넉하네요~
겨울철 스킨으로 좋습니다",1
464,평점5,21.01.23.,"트러블없어 무엇보다 좋아요.
지속 구매 예정입니다. 번창하세요.",1
465,평점5,21.02.06.,촉촉하니 좋아 다시 사용하려고 구입했어요,1
466,평점5,21.02.02.,친정엄마 사드렸는데 좋다고 하시네요^^,1
467,평점5,21.01.18.,어머니가 항상 사용하고 있습니다~,1
468,평점5,21.01.28.,순하고 늘쓰던거요 계속쓰려구요,1
469,평점5,21.02.08.,엄마가 촉촉해서 좋다고 하시네요,1
470,평점5,21.01.20.,저렴한 가격에 구매해서 사용해보았는데 자극없이 잘 사용하였습니다 !!,1
471,평점5,20.10.11.,계속쓰고있어요! 너무좋아요!,1
472,평점5,21.01.21.,가성비 좋아 만족 합니다,1
473,평점4,21.01.25.,겨울에 사용하기 좋아요,1
474,평점4,21.02.03.,좋아요 진품맞겠졍 ㅎㅎ,1
475,평점5,21.01.26.,촉촉하고 너무 좋아요,1
476,평점3,21.02.07.,그냥 그런거 같아요,0
477,평점5,21.02.02.,잘 발리고 촉촉해요,1
478,평점4,21.01.31.,부모님 선물로 구매했어요~ 촉촉하게 잘스며들었음 좋겠어요,1
479,평점5,21.01.26.,배송빨랐으나 제 피부타입에는 안맞더군요~ 1주일쓰고 트러블나서 손에만 바르고 있습니다~,1
480,평점5,21.01.14.,진액이라서 피부에 잘 스며듭니다 향도 진하지 않아서 좋아요,1
481,평점5,21.01.08.,겨울철 몹시 건조한 피부에 콧물제형 스킨 촉촉하니 좋네요,1
482,평점5,21.01.23.,건조한 겨울엔 일반 스킨보다 농도 있는 스킨이 더 좋아요. 빨간쌀 진액 스킨은 순하고 피부가 당기지 않아서 겨울철마다 찾게 되네요.,1
483,평점5,21.01.10.,배송적당히 왔구요 늘쓰던거라 나쁘지않아요,1
484,평점5,21.01.07.,두번째 사용중입니다. 이만한게 없어요~^^,1
485,평점5,21.01.17.,정말만족하고 한율제품은 늘 추천해요!,1
486,평점4,20.09.13.,늘 쓰는제품인데 촉촉하니 좋아요.,1
487,평점5,21.01.13.,엄마 사용하실 거 선물드렸는데 사용감이 괜찮다고 하세요! 잘 쓰겠습니다 :),1
488,평점5,21.01.15.,어머니가 싸게 잘 샀다고 하네요,1
489,평점4,20.09.28.,부모님 선물해드렸어요. 강추,1
490,평점5,21.01.22.,기대보다 더 촉촉해서 재구매,1
491,평점5,21.01.11.,늘 사용하는 제품인데좋아용,1
492,평점5,21.01.23.,겨울철에 늘 이것만써요,1
493,평점5,21.01.09.,촉촉함이 오래가네요 ~,1
494,평점4,21.01.29.,물건 빨리 잘 왔습니다!,1
495,평점5,21.01.20.,데일리용으로 잘삿어요,1
496,평점5,21.02.01.,배송도 빠르고 좋습니다 추천합니다 감사합니다 수고하세요,1
497,평점4,21.01.06.,"저 개인적으로는 지금처럼 겨울에 쓰기 좋은 화장품이라
여겨져 잘 쓰고 있어요!",1
498,평점5,20.08.21.,"어머니께 선물드렸는데 좋아하시네요~
저렴하게 잘 구입했습니다~",1
499,평점5,21.01.20.,잘받았습니다 배송도 빠르고 제품도 좋습니다,1
500,평점5,20.12.24.,배송빠르구용포장상태좋았구요 촉촉하고 발림성좋아요,1
501,평점4,20.08.19.,재주문이예요 촉촉하고 발림성 좋아요 너무 흐르지 않는 제형이라 보습에 좋은거 같아요,1
502,평점5,21.01.14.,체험상품 구입하여 잘 쓰고있어요~~,1
503,평점5,21.01.11.,무난하게 사용하고 제품이네요,1
504,평점3,21.01.14.,촉촉하고 트러블없어서 재구매,0
505,평점5,21.01.05.,항상쓰는제품이라 만족합니다,1
506,평점4,20.09.01.,끈적이지 않고 촉촉합니다^^,1
507,평점5,21.01.13.,겨울에는 이게 최고입니다.,1
508,평점5,21.01.15.,선물드렸는데 좋아요,1
509,평점5,21.01.07.,배송이 빠릅니다 ~~~,1
510,평점5,21.01.24.,겨울에 딱 좋아요 촉촉하니 좋아요,1
511,평점5,21.01.02.,엄마가 쓰던 화장품 주문해달래서 주문하면서 폼클렌징도 주문해달래서 같이 샀어요 저렴하게 같이 살 수 있어서 좋아요,1
512,평점5,21.01.05.,촉촉하면서 기름지지않아서 좋네요,1
513,평점5,20.12.31.,꾸준하게 사용하는 제품입니다.,1
514,평점5,20.12.23.,너무 촉촉하고 향도 좋습니다!,1
515,평점4,20.12.21.,항상 쓰던 제품 잘구매했어요~,1
516,평점4,21.01.01.,평소쓰던 제품이예요~ 좋아요,1
517,평점5,20.12.26.,항상쓰는제품 ㅋㅋ감사해요,1
518,평점5,20.12.22.,향이 엄청 좋고 촉촉해요,1
519,평점5,20.12.22.,쓰기 좋아요 잘 쓸게요,1
520,평점5,21.01.01.,배송 빠르고 좋아요~,1
521,평점4,20.12.29.,쫀득하고 좋아요,1
522,평점5,20.12.21.,친구 생일 선물로 구입한건데 친구가 만족해하며 잘 쓰고 있다네요:),1
523,평점5,20.12.09.,진짜촉촉하네요. 달걀흰자같은 제형이라 톡톡 쳐야 스킨이 나오지만..이건 쓰다보믄 좋아질것 같구요. 트러블도 없고 넘 맘에 들어요,1
524,평점5,20.08.30.,좋은 상품 좋은 가격으로 잘 구매했습니다.,1
525,평점5,20.12.20.,"빠른배송 감사합니다
향과 질이 너무 좋아요",1
526,평점4,20.12.19.,자극없이 순해요 근데 엄마가 바르기에는 좀 땡기다 하셔서 제가 발라요,1
527,평점5,20.10.27.,좋아요 좋아 좋아요 좋아 좋아요,1
528,평점4,20.08.17.,몇개씩 사용중이고 보습력 촉촉하게 딱 좋아요!!,1
529,평점1,20.12.17.,상품보다 이 협력사에 주문하고 싶지 않네요,0
530,평점5,20.12.22.,처음 쓰보는 제품인데 너무 촉촉하네요~,1
531,평점4,20.12.22.,선물로 했던이 쓰는 언니가 좋아 하네요,1
532,평점5,20.12.25.,촉촉하면서도 영양분을 채워주는 느낌,1
533,평점3,20.12.23.,꾸준히 사용한 제품이라 믿고 구입함,0
534,평점3,20.12.23.,"순하니 조아요
계속 이것만 쓰게되요",0
535,평점5,20.12.13.,좋아요 대만족 재구매의사있어요,1
536,평점3,20.12.24.,제피부가 건조해서 그냥그래요,0
537,평점5,20.12.23.,다쓰고 재구매 했어요 좋아요,1
538,평점5,20.12.23.,엄마 사드렸는데 좋아하세용,1
539,평점5,20.12.19.,트러블없이 잘 사용중입니다,1
540,평점5,20.08.28.,처음 써보는데 만족해요,1
541,평점5,20.12.23.,늘 사용하던 제품입니다,1
542,평점5,20.08.26.,저령하고 쓰기 무난해요,1
543,평점5,20.12.15.,좀더 쫀쫀하고 잘맞아요 쑥이랑 같이 써보는데 좋아요,1
544,평점5,20.12.16.,엄마 선물해드렸는데 엄마가 되게 좋하세요 ㅎㅎ,1
545,평점5,20.11.24.,체험단 이벤트로 아주 저렴하게 구입했어요 이제 쓰기 시작했지만 촉촉하고 자극적이지 않아요,1
546,평점3,20.12.07.,"그냥 쌀진액보다 좀 끈적 거려요ㅠ
리뉴얼된건데..ㅠ 그전께 더 좋아요",0
547,평점3,20.11.25.,실제 사용해보니 품질도 괜찮은거 같아서 좋습니다~~~,0
548,평점5,20.12.07.,엄마께 선물해드렸는데 너무 좋아하셧어여 ㅎㅎ,1
549,평점5,20.08.13.,항상쓰던건데 배송빠르고 저렴하게 잘쌌어요~,1
550,평점5,20.08.11.,아직쓰지는않아요!괜찮은 것 같아서 또 써요!,1
551,평점4,20.12.07.,촉촉해요. 하지만 흡수력은 별로예요.,1
552,평점3,20.12.06.,아직 안써 봐수는데. 조울고갗라여,0
553,평점5,20.12.14.,너무 건조했는데 촉촉합니다🙂,1
554,평점4,20.12.12.,"항상쓰던제품
유통기간 기네요",1
555,평점5,20.11.30.,향도 되게 좋고 순하고 좋아요,1
556,평점5,20.12.10.,만족해서 본품도 구매 ㅡㅡㅋ,1
557,평점5,20.11.13.,촉촉하고 향이 너무 좋아요,1
558,평점5,20.11.29.,상품품질 배송 만족합니다,1
559,평점5,20.08.20.,촉촉하고 보습감 좋네요,1
560,평점5,20.12.14.,엄마가 만족하셔요ㅎㅎ,1
561,평점5,20.08.20.,항상 쓰는제품이에요,1
562,평점5,20.12.05.,늘 쓰던 제품이에요,1
563,평점4,20.11.10.,"일반 스킨에 비해 약간 점성이 있는 제형이고, 요즘같이 건조한 날씨에도 바르고 나면 속당김이 없습니다. 자극적인 향이 나지 않아서 좋고요, 전체적으로 순한 느낌이 듭니다.",1
564,평점5,20.12.06.,만족,1
565,평점5,20.07.24.,"항상 이 제품 쓰고 있어요 오프라인보다 저렴하게 사서 좋고 배송 2일만에 왔습니다
그리고 올해 년도가 20년인데 유통기한이 23년입니다
길어서 좋아요",1
566,평점5,20.11.15.,체험용이라고 50ml용량도 딱이고 발림성도 좋고 촉촉하니 좋아요.본품구매의향도 충분합니다.,1
567,평점5,20.07.29.,저는 피부가 건성인데 바르고나면 촉촉해지고 무엇보다 제형이 묽어서 너무 좋습니다.,1
568,평점5,20.12.17.,sFawrfawt,1
569,평점4,20.12.06.,쫀득 쫀득한 느낌이 너무 좋아요,1
570,평점5,20.11.27.,촉촉함니다 건조한 가을 겨울 적당한 스킨인것같아요에센스 느낌 처럼 진한 스킨이에요~~^^,1
571,평점5,20.11.15.,"촉촉하고 좋아요!
민감한데 트러블도 없이 순하네요",1
572,평점5,20.11.10.,패키지가 정말 귀엽고 끈적이지 않아서 좋아요,1
573,평점5,20.11.10.,촉촉하고 좋아요. 이계절에 쓰기 좋네요,1
574,평점5,20.11.10.,"총알배송 감사해요
촉촉하니 좋네요!!",1
575,평점4,20.11.30.,너무 좋아요~ 꾸준히 잘 쓰겠습니다,1
576,평점5,20.11.22.,제대로써보진않았지만 잘쓸게요,1
577,평점5,20.11.25.,잘받았습니다!잘쓸게여~~,1
578,평점5,20.11.18.,좋은 제품인것 같아요,1
579,평점5,20.11.24.,좋습니다 만족해요!!!,1
580,평점5,20.11.24.,항상 믿고사용합니다,1
581,평점5,20.12.13.,무난무난 좋아요 굿,1
582,평점5,21.01.23.,좋아요좋아요좋아요좋아요좋아요좋아요좋아요,1
583,평점5,20.11.12.,요건 처음써보는데 겨울용으로 정말 좋은것같아요!본품쓰기전에 테스터로 적합해요!,1
584,평점5,20.11.19.,트러블이 없는 편이라 케어는 잘 모르겠지만 발림성이 좋아서 계속 쓰고 싶어요,1
585,평점5,20.11.17.,"잘 샀어요. 제
피부에 잘 맞아요 끈적임이 적당해 지금 바르기 참 좋네요",1
586,평점5,20.07.24.,예민한 피부에 잘 맞아요. 약간 끈적한 느낌이 있지만 금방 흡수되어요,1
587,평점5,20.07.20.,"어머님 사드렸는데 늘 쓰던거라 너무 좋아하세요!!~~
잘쓰겠습니다.^^",1
588,평점5,20.11.10.,점성이있어서 촉촉하고 겨울에 사용하기 좋을것같아요.,1
589,평점5,20.11.14.,너무~좋아요ㅎ아침에 세수할때 촉촉한게 느껴져요,1
590,평점4,20.11.12.,써봤던 상품이라 저렴하게 샘플구매 했습니다,1
591,평점5,20.11.08.,체험해 볼 수 있게 작은 용량 얻어서 좋아요,1
592,평점4,20.10.02.,좋아요 ☆☆☆☆☆☆☆,1
593,평점5,20.11.09.,체험단이라 작지만 상품은 좋아요 ㅎㅎ,1
594,평점5,20.11.11.,말 그대로 진액 스킨입니다~ 촉촉해요,1
595,평점5,20.11.10.,체험단이벤트로 받았는데 만족합니다,1
596,평점5,20.11.13.,저렴한가격에체험해볼수있어좋아요,1
597,평점5,20.11.11.,이런 이벤트 또 하면 좋겠네요 ^^,1
598,평점5,20.11.10.,한율 진액스킨 어린쑫 좋아요,1
599,평점5,20.11.10.,겨울에 쓰게 좋은거 같아요,1
600,평점5,20.11.10.,쫀득한 제형이네요~~좋아요,1
601,평점4,20.11.16.,진액스킨이라 촉촉합이다.,1
602,평점5,20.11.11.,촉촉한 스킨 완전 좋아요!!,1
603,평점5,20.11.10.,아주좋아요 추천합ㄴ다,1
604,평점5,20.11.10.,기대중입니다 ㅎㅎㅋ,1
605,평점4,20.11.14.,잘받았어하,1
606,평점5,20.11.10.,좋은 샘플 탄탄히 포장도 잘되서 왔어요 좋습니다 감사합니다,1
607,평점5,20.07.18.,기존에 쓰던 거에요. 트러블 없이 매번 만족하는 제품이에요,1
608,평점5,20.11.08.,촉촉하고 아주좋아요~대용량으로 구매하고싶네요,1
609,평점4,20.12.30.,좋응ㅋㄷㄱㄷㅂㅅ븻ㅂㅅㅂ나ㅡㄱㅅㅂ딛ㄱㅅㅂㅅ긧ㄱㄷㅂ딧ㄱㄷㅂㅅㄱㄷㄱㅅㄱㅈ긧ㄱㅅㄱ딧,1
610,평점4,20.07.12.,빨간진액으로 바뀌면서 향도 더 좋아진것같아여~~다음에두 또사러올게용 호호,1
611,평점5,21.01.28.,굿,1
612,평점5,20.11.09.,"마스크땜에 트러블생겨서 주문해봄
쪽득하고 느낌좋음",1
613,평점5,20.11.08.,체험이벤트로 저렴하게 사용해볼 수 있어서 좋아요,1
614,평점5,20.07.16.,바르는 순간 촉촉해지는게 느껴고 샘플도 많네요,1
615,평점4,20.11.09.,엄마 사드렸는데 촉촉하니 좋다고 하시네요.,1
616,평점5,20.11.07.,써보고싶었는데 체험용이있어서 사보았어요,1
617,평점5,20.11.09.,좋은 이벤트가에 구매하게되어 좋았어요,1
618,평점5,20.11.09.,체험단으로 참여하게돼서 너무조아요,1
619,평점5,20.11.08.,저렴하게 체험해볼 수 있어서 좋아요,1
620,평점5,20.10.23.,정말 저렴하게 잘 구매해 썼습니당!,1
621,평점5,20.11.09.,테스트잘해보고 유용하게 쓸게요.,1
622,평점5,20.10.20.,배송도 빠르고 상품도 좋습니다,1
623,평점5,20.11.07.,ㅠㅠ체험단인데 너무 잘쓸께요,1
624,평점5,20.11.07.,배송도 빠르고 잘 받았어요!,1
625,평점4,20.11.07.,겨울에 사용하기 좋네요~~,1
626,평점5,20.11.09.,배송빠르고 너무 좋아용,1
627,평점3,20.11.07.,x ho s s n k s,0
628,평점5,20.06.22.,민감섬 피부인데 자극없고 참 좋네요. 에멀젼도 쓰는데 순하고 좋아요. 좋은 성분에 발림성도 좋아 재구매할 것 같아요. 여름이라 크림없이 스킨 로션만 발라도 건조함이 없네요 민감한 피부가지신 분들 추천합니다.,1
629,평점5,20.10.09.,"보습이 좋아서 계속사용중입니다
잘쓰겠습니다",1
630,평점5,20.11.16.,"촉촉촉
건성이라 촉촉함이 필수",1
631,평점5,20.10.06.,환절기에 쓰기좋은 스킨인듯요..적당한 액상타입에 흡수력이좋아 만족합니다.,1
632,평점5,20.07.01.,저는 한율이 제일 제 피부에 잘 맞아소 아주 잘 쓰고 있어요 감사합니다!,1
633,평점4,20.06.02.,나이가 있다보니 산뜻한것보다 촉촉하고 좋네요~,1
634,평점2,20.06.24.,에멀젼은 괜찮은데 스킨은 조금 따가웠어요,0
635,평점5,20.06.12.,좋은 가격대~사용기한 넉넉해서 좋아요.,1
636,평점5,20.06.24.,아직 써보지 않았지만..괜찮을듯,1
637,평점3,20.06.24.,스킨이랑 같이 주문했어용^^,0
638,평점5,20.10.22.,얼마나 쓰는 줄 모름!!!!,1
639,평점5,20.10.21.,매번쓰는 제품입니다,1
640,평점5,20.06.25.,잘써보겠습니다!..,1
641,평점3,20.10.13.,그전에 리뉴얼 되기전꺼는 향이 은은했던거 같은데 이거는 좀 향이 쎈거 같아요. 손등에 먼저 발라봤는데 좀 거친 상태여서 그런건지 따끔거리는 느낌 있었어요,0
642,평점5,20.10.20.,잘 받았어요 잘 쓸게요 너무 좋아요 다음에 또 주문할게요 감사합니다. ㅎㅎ,1
643,평점5,20.06.23.,엄마 사드릴려고 두 개 샀어요 꾸준히 사용하고 있는 제품이에요!,1
644,평점5,20.10.06.,항상 쓰던거라 구입했어용 건성에게 추천합니다,1
645,평점5,20.10.13.,늘쓰는제품이라ㅎ믿고써봅니다^^,1
646,평점5,20.10.14.,늘 쓰던거라 잘 받았습니다,1
647,평점5,20.10.08.,배송 빠르고 아주 좋아요~,1
648,평점5,20.09.25.,발림도좋고잘스며듭니다,1
649,평점5,20.10.15.,감사합니다. 매번잘써요,1
650,평점5,20.10.15.,아주 잘 쓰고 있습니다.,1
651,평점5,20.10.15.,아이야도루이미쟏러미,1
652,평점5,20.06.12.,잘사용허고있어요ㅎㅎ,1
653,평점5,20.09.05.,늘 쓰던 제품 저렴하게 구매했어요ᆢ촉촉하니 좋습니다^^,1
654,평점4,20.09.11.,"늘 사용하던 제품이고
가격도 저렴하여 좋습니다.",1
655,평점4,20.09.29.,늘 쓰던 제품 주문했습니당 감사해요오ㅗ오옿ㅎ,1
656,평점5,20.09.19.,늘 쓰던 제품입니다 촉촉하니 좋아요~,1
657,평점5,20.09.22.,촉촉하고 좋아요,1
658,평점5,20.09.25.,잘 받았습니다 단골입니다 감사드려요~~~~~~~~!!,1
659,평점5,20.05.05.,수분감 많고 쫀쫀한 제형이라 사용하기 편하고 끈적이지도 않아 재구매 할 듯합니다.,1
660,평점5,20.05.31.,"항상 쓰고 있는 한율 쌀 스킨 너무 좋아요!!
촉촉하고 잘쓰구 있어요",1
661,평점5,20.05.10.,"콧물제형이라 흡수가 더딜줄 알았는데
빠르네요~^^",1
662,평점3,20.09.20.,믿고쓰는제품이이ㅣ요 건성에 좋아요,0
663,평점3,20.09.24.,순하고 배송도 빠르고 좋아요,0
664,평점5,20.09.13.,괜찮아요 촉촉합니다 ㅎㅎ,1
665,평점5,20.05.28.,여섯병째 사용중입니다..,1
666,평점5,20.05.25.,좋아요 순하고 쫀득해여,1
667,평점5,20.09.09.,건조한피부에좋아요..,1
668,평점5,20.09.08.,저렴하게 구매했어요,1
669,평점5,20.09.19.,좋아요 잘쓰겠습니다,1
670,평점5,20.09.16.,배송 빠르고 좋아요..근데 재구매 할려고 했더니 구매불가네요,1
671,평점3,20.05.28.,"제품이 리뉴얼 되어 처음 구매해봐요
기존에 쓰던 제품이 괜찮으니 잘 맞겠죠",0
672,평점4,20.09.02.,"상품이 좋은데, 다만 배송상태가 영 엉망이네요 화장품 상자가 열린 채 오고 보조뚜껑도 떨어져있어요.",1
673,평점4,20.11.08.,🎉🎉🎉🎉🎉🎉📼🎉📼📼📼📼,1
674,평점5,20.11.09.,좋아요좋아요좋아요좋아요,1
675,평점5,20.08.19.,늘 사용하던 제품이라 재구매하며 보습력이 좋아 촉촉합니다.,1
676,평점5,20.05.03.,"배송진짜빨라요!!!!완전완전
감사해요~ 포장도 꼼꼼하고 샘플도 많이 보내주시고
만족합니다!",1
677,평점5,20.09.02.,선물로 보냈는데 이 제품이 좋다고 하더라구요~,1
678,평점5,20.04.28.,저는 한율진액 쌀 만쓰는데 리뉴얼 됬더라고요 ㅠ 그래서 리뉴얼 된걸로 올까바 걱정했는데 쌀 진액으로 와서 다행이였어요 감사합니다~!,1
679,평점5,20.08.10.,한율쌀진액스킨 정품으로 저렴하게 구입했습니다.배송도 만족합니다.,1
680,평점5,20.04.27.,항상 쓰는제품! 굿입니다 :-),1
681,평점4,20.09.01.,샘플 많이 주셔서 감사해요,1
682,평점3,20.09.11.,무난하게 잘 쓰고 있어요,0
683,평점5,20.08.28.,발림이 좋아요~~~,1
684,평점5,20.08.17.,피부를 편안하고 촉촉하게 진정시켜줘서 좋아요. 이전 버전? 보다 더 촉촉한것 같아요. 샘플로 받은 로션이랑 크림도 전보다 좋네요. 지금 쓰는 제품 다쓰면 구매할 생각입니다.,1
685,평점4,20.08.22.,한율 송담 쓰다가 빨간쌀로 넘어와 봤습니다. 엄마가 쓰시는 거라 효과는 잘... 한율 브랜드 믿고 샀네요!,1
686,평점5,20.08.08.,쪽촉하고 맘에들어요 싼 스킨 쓰다가 쓰니 만족도가 더 높네요,1
687,평점4,20.08.29.,엄마가 쓰시는 제품이라 사드렸는데 항상 잘쓰고 계십니다,1
688,평점4,20.08.20.,선물용으로 저렴하게 잘 구매했습니다!,1
689,평점4,20.08.28.,쓰던 제품이라 재구매합니다,1
690,평점4,20.04.19.,좋아요 부드럽고촉촉합니다,1
691,평점4,20.01.06.,전에 써보고 좋았던 기억이 있어서 구매했어요:) 푸짐한 사은품 감사합니다!!,1
692,평점5,20.04.04.,스킨인데.. 거의 에센스라고 팔아도 될정도로 꾸덕해요 저는 지성이라서 로션안바르고 이거만 써도 될정도! 냄새도 좋고 일주일정도 쓰니 홍조가 가라앉았어요,1
693,평점4,20.04.21.,여름보다는 가을 겨울에 더 사용하기 좋은거 같아요! 엄마 사드렸는데 좋아하시네요~,1
694,평점5,20.08.10.,"여름에는 필링용스킨으로 닦아낸 후 이제품을
사용합니다~^^",1
695,평점5,20.04.22.,"아주 촉촉해요
유자보단 나은 것 같아요 ㅎㅎ",1
696,평점3,20.08.15.,써보진 않았지만 좋을것같아요,0
697,평점5,20.08.19.,항상 쓰던 제품입니다,1
698,평점5,20.03.05.,"기존 쌀 진액을 썼는데 새로나온 빨간쌀 진액은 처음이예요
새로 업그레이드 되어 출시된 제품이라그런지 더 촉촉하고 향도 참 좋네요
트러블케어는 좀 더 써봐야 알 것 같아요
재구매의사 있어요",1
699,평점3,20.08.13.,순해서 쓰게 좋네요,0
700,평점5,20.08.31.,싸게 잘 샀어여여여,1
701,평점5,20.04.02.,제작년에 잘썼던건데 나이들면서 피부가 더 건조하게 느껴져서 다시 재구매했어요~ 촉촉하고 좋아여 역시 콧물제형!,1
702,평점3,20.08.10.,싸지도 비싸지도 않은무난한것 찾았는데 맘에 듭니다.촉촉한것 같아요,0
703,평점3,20.04.10.,복합성이면서 예민한 피부인데요. 일단 따갑지는 않고 순합니다. 농도가 걸쭉한 편이라 잘 안 나옵니다.,0
704,평점5,20.07.19.,이거만 몇개째 사용중이에요! 촉촉하고 좋아용 ㅎㅎ,1
705,평점5,20.07.27.,"인위적이고 자극적인 향이 아니라 좋네요.
여름에 쓰기엔 좀 끈적인 느낌도 들어요.",1
706,평점4,20.08.02.,배송 빠르구 항상 이용하는 제품이예요^^,1
707,평점5,20.07.30.,어머니사드렸어요 한율 믿고쓰는,1
708,평점5,20.08.02.,촉촉하고 순해요 많이 파세요,1
709,평점5,20.08.03.,항상쓰는거예요 건성에 최고,1
710,평점5,20.07.30.,이제품 계속쓰고있습니다.,1
711,평점5,20.04.08.,원래쓰던거라 주문했어요,1
712,평점5,20.07.28.,한율 너무 순하고좋아요,1
713,평점5,20.07.25.,피부에 잘 맞아서 몇 통째 쓰고 있고 보습감 영양 모든 면에서 가격 대비 아주 무난하고 좋은 제품입니다. 많이 파세요.,1
714,평점5,20.04.14.,"배송도빠르고
쓰던제품인데저렴하게구매했어요
사은품도잘받았습니다",1
715,평점4,20.07.28.,한율 쑥라인쓰는데 계절불문 찬바람불면 뒤집어지길래 좀더 촉촉할거같은 쌀라인 써보려고 주문했어요 잘맞으면 요라인으로 싹다 갈아타볼까합니다~,1
716,평점5,20.08.08.,그냥 쌀 진액스킨 쓰다가 빨간쌀 진액스킨으로 한번 구매해봤는데 좋네요!,1
717,평점4,20.03.24.,"향이생각보다 인위적이에여
샘플은 트러블에좋아서 삿는데
본품은
잘모르겟네여 ㅜ",1
718,평점4,20.06.17.,"쓰던 제품이었는데, 촉촉함은 물론! 저렴하게 구입할 수 있었습니다~ 잘 쓸게요.",1
719,평점5,20.03.11.,"바를 때는 촉촉하게 잘 발리고 다 바르고 난 후에는 번들거림 없이 깔끔하게 마무리되는 느낌입니다.
사용감이 굉장히 좋습니다! 추천드립니다:)",1
720,평점5,20.07.11.,한율 진액 스킨만 사용해요. 40대 건조한 피부에 딱 좋아요.,1
721,평점5,20.03.24.,두개째 사용중인데 수분이 더 많이 함유되었습니다,1
722,평점4,20.07.24.,배송상태 사진과 같구요. 사용기한도 충분해요.,1
723,평점5,20.03.28.,"쓰다가 리뷰 남겨요
촉촉해서 잘 쓰고 있어요",1
724,평점5,20.07.19.,여름에도 쓰는 스킨입니다!! 너무 좋아요!,1
725,평점4,20.03.24.,비싸긴하지만 리뉴얼되서 좋아보여요,1
726,평점4,20.03.19.,향이 강하지 않아서 만족. 흡수 빠름.,1
727,평점4,20.03.12.,배송도 빠르구 가격도 저렴해요,1
728,평점5,20.07.20.,만족하며 잔쓰고있어요.,1
729,평점3,20.07.23.,생각보다 괜찮은거 같습니다아아아ㅏ,0
730,평점4,20.03.18.,항상 이것만 써서 자주 구매합니다 넘좋은거같아요,1
731,평점5,20.03.20.,쌀진액 쓰다 만족해 재구매합니다. 맘에 들어요~,1
732,평점4,20.07.10.,어머니가 주문해달라고 해서 구매했습니다.,1
733,평점4,20.07.14.,항상 쓰고 있어요 조아요 감사합니다,1
734,평점5,20.07.15.,빠른배송과 저렴한 가격,1
735,평점5,20.07.06.,재구매 사용중 만족해요,1
736,평점5,20.03.22.,늘 애용하고 있습니다,1
737,평점5,20.07.06.,배송이 빨라서 좋아요,1
738,평점5,20.07.07.,아주 좋아요~,1
739,평점3,20.06.17.,좋게 말하면 무난하지만 너무 무난해서 별 효과는 없는 것 같아요,0
740,평점5,20.03.12.,항상쓰던 스킨이라서 만족 또 만족합니다~~~,1
741,평점5,20.03.19.,리뉴얼 되고 더 촉촉해진거 같아요 좋아요~,1
742,평점4,20.02.25.,건조해서 좀 묵직한 스킨 듬뿍 바르려고 샀는데 엄청 끈적거리지 않고 괜찮습니다. 겨울철엔 이런 제형 스킨이 필수같아요,1
743,평점5,20.02.22.,"배송도 빠르고 상품 잘 받았습니다.
샘플도 많아서 여행용으로 좋을거 같아요~!",1
744,평점5,20.02.26.,쌀진액쓰다 이번에 새오나온 빨간쌀 을 구매햇는데 촉촉하니 좋대요,1
745,평점5,20.02.24.,"항상 쓰는 제품입니다.
촉촉해서 건조하지도 않고 좋아요.",1
746,평점4,20.03.05.,스킨으로 항상 쓰는데 덧발라도 겉돌지않구 조아요,1
747,평점5,20.06.25.,이것만 쓰는데 정말 좋아요 다음에도 또시킬게요,1
748,평점5,20.07.01.,건조한피부에딱입니다~~항상이것만써요,1
749,평점5,20.03.11.,아직 안써봣어요 좋으면 재구매 할께요,1
750,평점5,20.03.01.,선물용이라 잘모르겠지만 감사합니다,1
751,평점5,20.03.06.,"배송완전빠름
너무촉촉합니당 하핫",1
752,평점5,20.06.25.,역시 좋아요 다음에도 또시킬게요,1
753,평점5,20.02.29.,늘 쓰던 제품이라 만족 합니다,1
754,평점5,20.06.29.,촉촉하네좋아요. 잘샀어요 싸게,1
755,평점5,20.03.05.,맑고 깨끗한 느낌이 좋았어요,1
756,평점4,20.07.02.,패키지가 좀더 진해졌네요,1
757,평점4,20.06.18.,향기가 은은한게 좋네요,1
758,평점5,20.02.26.,가격만족 유통기한 넉넉,1
759,평점5,20.03.10.,좋은 제품 감사합니다,1
760,평점5,20.07.01.,"매번쓰는제품이고
여인닷컴이항상젤싸네용 감사감사",1
761,평점5,20.03.07.,스킨 로션같이구매했어요 재구매할겁니다,1
762,평점5,20.02.27.,"엄마 사용하는 제품이라 주문시켜드렸어요~
보습이 잘 되어서 특히 겨울에 바르기 좋은거 같아요^^",1
763,평점5,20.02.18.,"한율 진액스킨 꾸준하게 써왔었어요~
이번에 리뉴얼 된건 처음인데 사용해보니 좋아요!",1
764,평점5,20.02.07.,배송도 엄청 빠르고 뾱뾱이로 꼼꼼하게 포장돼있어서 좋았어요~ 유통기한도 넉넉해요,1
765,평점4,20.03.01.,ㄴ배송빠르고 가격도싸서 잘샀네요,1
766,평점4,20.02.20.,"어머니께서 필요하다고 사셨는데,
만족스럽게 잘 쓰시고 계시네요",1
767,평점5,20.06.10.,트러블 진정에 너무 좋아요 신선한 제품으로 잘 배송되었어요!!,1
768,평점5,20.06.01.,"몃년째 요제품만 쓰고있어요
피부 탱글수분촉촉 완전좋아요",1
769,평점5,20.06.14.,항상 쓰는 제품이에요.피부에 트러블도없고 만족합니다.,1
770,평점5,20.02.16.,트러블 피부는 아니지만 아주 촉촉해서 만족합니다,1
771,평점5,20.06.20.,배송 빠르고 제품 좋아요. 믿을만한 상품 입니다,1
772,평점5,20.02.28.,ㄴㅓ무좋아요ㅎ촉촉하고 완젼강추입니다.,1
773,평점5,20.02.06.,한율 스킨 트러블도 나지 않고 만족합니다,1
774,평점5,20.02.28.,빠른 배송 진심으로 감사드립니다.,1
775,평점5,20.02.28.,몇년째 쓰고 있는데 제일 좋아요,1
776,평점5,20.02.19.,원래 쓰던 제품이라 좋아요,1
777,평점4,20.06.05.,순해서 좋아요~~~~,1
778,평점5,20.06.23.,"잘 받았어요,",1
779,평점5,20.05.13.,"촉촉하니 너무 좋습니다. . 자기전 바르고 자면 아침엔 피부가 좋아지네요..
파부에 영양을 바르는듯요~.
빨간쌀이 되면서 더 진하고 깊어진 느낌요~",1
780,평점5,20.02.29.,굿굿ㅎㅎ좋아요ㅎㅎ만족,1
781,평점5,20.06.06.,"다른 제품을 시도해 봤는데, 한율이 순하고 보습이 잘 되서 다시 구매했어요.",1
782,평점5,20.05.21.,제품이 아주 좋아요 재구매 의사 있고요 배송은 뭐 보통,1
783,평점5,20.02.26.,"잘 받았습니다
감사합니다.",1
784,평점5,20.05.24.,촉촉하게 피부를 정리해줘서 다음 화장이 잘먹어여,1
785,평점4,20.05.20.,쿠폰사용해서저렴하게구입 촉촉하고좋네요,1
786,평점4,20.06.05.,촉촉하고 수분감 가득해서 좋아요,1
787,평점5,20.05.29.,촉촉하고 향도 은은하니 좋네요,1
788,평점5,20.06.05.,그냥저냥 잘 쓰고있어여,1
789,평점5,20.02.11.,매일 촉촉하고 쫀득해요,1
790,평점3,20.05.28.,"우리병인데 깨진것 없이 잘 도착 했구요
에센스마냥 쫀쫀해서 구매하게 된건데 보습이 잘 되길 기대해봅니다. 한달 동안 열심히 써보고 후기남길게요~~",0
791,평점4,20.05.30.,사용해보니 좋아서 재구매 했습니다. 배송도 빠르고 안전하게 받았어요.,1
792,평점5,20.05.30.,할머니 드릴려고 구매했는데 타 사이트보다 저렴하네요~,1
793,평점5,20.06.04.,"잘썼어요~~~~~'~""'",1
794,평점5,20.05.25.,항상 구매하는 건조한 40대 피부에 맞는 스킨이에요.,1
795,평점4,20.05.09.,제품은 좋은데 가격대가 아쉬워요..ㅠ,1
796,평점4,20.05.24.,트러블없고 촉촉하게 사용하고있어요,1
797,평점5,20.05.29.,촉촉하고 꾸덕한 스킨입니다 좋아용,1
798,평점5,20.04.27.,건조한 피부인데 촉촉하니 좋아요,1
799,평점5,20.02.04.,딸 아이가 피부가 민감한데 요 빨간쌀 진액 라인은 피부에 잘 맞는다고 하네요.,1
800,평점4,20.05.26.,촉촉해서 구매 했어요~좋아요,1
801,평점4,20.02.03.,촉촉하고 트러블이 없음,1
802,평점4,20.05.27.,믿고 쓰는 한율입니다^^,1
803,평점5,20.01.20.,너무 촉촉하고 좋아요.,1
804,평점4,20.01.21.,향은 거의 무향이고 예전한율스킨로션썼을때 좋았던기억이있어 주문하게되었어요..바르자마자 스며들고 아직 아주좋다는 모르겠어요..더써봐야겠어요..근데 다른곳과비교해서 샘플이 하나도없다는것에 약간...,1
805,평점5,20.05.23.,매우만족합니다,1
806,평점5,20.05.15.,"한율 진액 출시때부터 썼습니다
이번에 바뀌면서 펌프형 대용량이 안나와서 불만이었는데, 내용물은 정말 더 촉촉해졌네요.
바르면 광이 남",1
807,평점5,20.06.10.,빨간쌀로 바뀌면서 향이 더 좋아진것같아요 ><><><><><짱조아요!!!!핵강추입뉟당,1
808,평점5,20.05.05.,보습력좋습니다 건성피부에 추천합니다,1
809,평점5,20.01.07.,발림성도 좋고 촉촉하고 좋아요~~^^함께 주신 샘플도 많아서 좋았고 에멀전 써보니 좋아서 본품도 사려구요~^^팩은 두개나 보내줘서 하나 붙여봤는데 팩도 좋은거 같아요^^,1
810,평점5,20.05.22.,빠른 배송 감사행ㅅ,1
811,평점3,20.05.05.,촉촉하고 발림성도 좋아요. 단지 제피부에 안맞는거같아요. 바르면 조금 빨개지고 뽀드락지가 나서 안바르고있어요,0
812,평점5,20.05.02.,늘 아리따움 제품 쓰고 있어요~~ 보습이 오래 지속되어 좋네요1~,1
813,평점4,20.05.30.,잘 사용하고 있습니다. 굿굿굿,1
814,평점5,20.04.27.,배송도 빠르고 가격도 쿠폰사용해서 저렴하게 샀어요~,1
815,평점5,20.05.22.,갠찮아요 좋은것같아요,1
816,평점4,20.01.02.,"항상 쓰는 제품인데
좋은가격에 잘구매했어요.",1
817,평점5,20.05.12.,에센스같은 진득한 제형의 스킨이라 좋아요.,1
818,평점5,20.04.29.,좋아요~ 보습도 좋고 재구매 의사 있어요^^,1
819,평점4,20.05.18.,촉촉해요 한율제품 늘 믿고 사용합니다,1
820,평점4,20.04.21.,향도좋고흡스가좋아피부가촉촉하네요,1
821,평점5,20.01.06.,촉촉하고 피부자극이 없어서 좋아요,1
822,평점3,20.05.16.,"포장 불만족
샘플 다열려서 흘러서옴",0
823,평점5,20.05.18.,엄마 사드렸어요~~ 샘플많아좋네요,1
824,평점5,20.05.09.,항상 이것만씀 가볍고깔끔 하네요,1
825,평점5,20.05.08.,촉촉함이 뛰어나서 만족합니다.,1
826,평점5,20.05.10.,빠른 배송. 항상 사용하는 제품,1
827,평점3,20.05.17.,좋아용ㅇ아직도 쓰고 있어욯ㅎ,0
828,평점2,20.05.14.,흐르는 스킨은 아니네요,0
829,평점4,20.01.15.,샘플써보고 구입했어요,1
830,평점5,20.05.13.,만족합니당 2병째예요,1
831,평점3,20.05.16.,샘플도 많고 괜찮네요,0
832,평점5,20.05.10.,건성이라 수분감이 좋아서 구입합니다 샘플도 많이 주시고 좋아요,1
833,평점5,20.04.27.,"건조한 피부를 빨리 촉촉하게 해주는
마법스킨이에요^^ 자연의 우리쌀 현미를
주원료로 했다니 피부엔 더욱 좋겠죠?
앞으로 꾸준히 애용 할듯 해요~",1
834,평점5,20.01.07.,"엄마가 항상 쓰시던 제품이에요^^
샘플까지 주셔서ㅠ잘 쓸께요",1
835,평점5,20.01.05.,도착하구 바로 사용해밧는데 촉촉하고 좋은같아요~,1
836,평점4,20.05.08.,사은품스킨도 많이주시고?어버이날선물로 좋으네요,1
837,평점4,20.05.04.,저렴이 구매 했네요 특히 스킨 덤 너무 좋아요,1
838,평점5,20.04.18.,한율 스킨 흡수도 잘되고 촉촉해 좋아요 무엇보다 스칸 샘플 넉넉히 받아서 너무 좋아요 ( 개인적으로 스킨을 많이 씁니다 ㅎ ),1
839,평점4,20.04.14.,"보습으로 참 좋네요.제품에 만족합니다,.",1
840,평점5,20.05.07.,후기가 좋아서... 한번 써 볼께요...,1
841,평점5,20.04.22.,"흡수잘되고 끈적임이없어서
좋아요",1
842,평점5,20.01.04.,리뉴얼되서 더 좋아진것 같습니다,1
843,평점5,20.01.09.,촉촉한거 같아요. 한번써볼게요.,1
844,평점5,20.05.07.,여름에 쓰기 좋은 스킨이에요,1
845,평점5,20.05.05.,정말 보습짱입니다 좋아요,1
846,평점5,20.04.21.,자극적이지 않고 좋습니다.,1
847,평점5,20.04.18.,촉촉하고 아주좋아요,1
848,평점5,20.01.06.,사용하건 제품인데 신제품이라 다시 구입합니다,1
849,평점5,20.05.07.,샘플도 많고 보급두 좋아서 사용하기 좋아요,1
850,평점5,20.04.09.,향이있어거슬리지만 보습력이상당해요!!! 샘플을너무나!! 심하게!!! 많이보내주셔서 보고있으면 속이울렁울렁할정도!!!,1
851,평점5,20.01.14.,촉촉촉 하네요 ..ㅎ,1
852,평점5,20.03.22.,"아 기대이상으로 보습 흡수력 좋아요~
향도 은은하니 좋네요~~~",1
853,평점5,20.04.10.,이번에 새로운걸루 구매햇어요...가볍게 흡수도 잘되고 넘좋아요,1
854,평점5,19.12.02.,좋은 제품이구 가격도 착하고 늘 쓰던거구요! 잘 받았습니다!,1
855,평점5,20.04.08.,보통 스킨 보다 더 점도가 높지만 끈적이지않고 좋습니다~,1
856,평점5,20.04.14.,가격대비 촉촉하고 좋아요사은품이 좀 다르게 왔어요,1
857,평점4,20.03.13.,"보습이 좋아서 만족합니다..
재구매 의사 있어요.",1
858,평점4,20.04.24.,그래도 샘플 엄청 많이주셨어요. 깜짝놀랐네요,1
859,평점5,20.04.05.,에센스제형으로 촉촉하게 흡수가 빠릅니다,1
860,평점5,20.04.15.,두번째 구매입니다 촉촉하고 좋아요,1
861,평점5,20.04.22.,좋아서 또 구매했어요 스킨을로션 3배나 쓰요 많은 스킨 샘플도 만족해서..,1
862,평점5,19.12.30.,배송 하루만에 오고 좋아요,1
863,평점5,20.04.08.,저렴한가격에잘구매했어요,1
864,평점4,20.04.16.,촉촉하고 끈적임이 없네요,1
865,평점3,20.04.20.,덕분에 잘 쓰고 있습니다.,0
866,평점5,20.04.20.,좋아요 더 촉촉해진 느낌,1
867,평점5,20.04.21.,잘받앗습니다. 잘삿어요,1
868,평점5,20.04.23.,다쓰고재주문합니다,1
869,평점5,20.04.22.,"스킨 2개 구매~
나머지는 샘플♡
묶음포장밑에 마스크팩 4개더깔려있어요
풍성한 샘플화장품들이 기분좋게하네요~
감사합니다",1
870,평점5,20.03.09.,가격대비 너무 좋아요. 그리고 트러블있는 민감성 피부에도 순하고 사람마다 다르겠지만 전 이 라인 제품쓰고 겨울 건조함도 없어진 것 같아요. 만족입니다.,1
871,평점5,20.04.08.,예전에 쌀 스킨썼어서 좋은기억에 이거 샀는데좀 다르네요. 뭔가 듬뿍 흡수 안되는 느낌?ㅋ그래도 한율은 믿고써봅니다.,1
872,평점5,20.04.07.,"촉촉하고 좋습니다
이것만 사용하고 있어요",1
873,평점5,20.04.06.,엄마가 부탁해서 주문해드렸어요.간만에샀더니 빨간쌀로 바꼈네요~더 좋겠죠?ㅋ,1
874,평점5,20.04.08.,써보니 스킨만 발라고 피부가 촉촉함이 오래 지속이 되어서 재구매를 했습니다.,1
875,평점5,20.04.07.,배송도 빠르고 일단 항상 이 제품만 쓰는데 너무 촉촉하고 만족스럽습니다,1
876,평점5,20.03.29.,늘 쓰던거라 또 주문했어요. 이번껀 향도 살짝 첨가돼있어 좋네요.,1
877,평점5,20.03.13.,늘 사용하는 제품이에요. 다른사이트보다 가격이 저렴하네요. 에멀젼보다 스킨을 많이 사용해서 사는김에 2개 구매했네요.,1
878,평점4,20.04.05.,가격도 저렴하고 배송도 빠르고 좋네요,1
879,평점5,20.04.12.,엄마 선물 드렸는데 촉촉하다하시네요,1
880,평점4,20.04.06.,엄마가 잘 받아서 쓰고 있다고 합니다!,1
881,평점5,20.04.10.,저는 목과 손의 보습을 위해 씁니다.,1
882,평점5,20.04.04.,좋아요~ 버젼은 좀 지났지만 ㅎㅎ,1
883,평점5,20.03.24.,"더운 날씨에 에멀젼없이 이거 하나면 충분히 화장 잘 먹어요
기초화장 많이 바르면 화장 밀리거든요",1
884,평점5,20.04.01.,촉촉하고 흡수도 잘되는듯해요,1
885,평점5,20.04.04.,평소 꾸준히 쓰는제품! 좋아요,1
886,평점5,20.04.14.,원래쓰던건데 아주만족합니다,1
887,평점5,20.04.10.,늘 이것만 쓰고 있어요 강추!!,1
888,평점5,20.04.12.,쵹쵹하고 보습감이 좋아요,1
889,평점4,20.04.12.,보습력이 좋다고 하세요^^,1
890,평점5,20.04.04.,샘플로 많이 주고 좋네요,1
891,평점3,20.04.14.,그냥그래요 효과없는듯,0
892,평점5,20.04.06.,배송빠르고 SSG 좋아요~,1
893,평점5,20.04.11.,좋아요~~ 추천합니다,1
894,평점5,20.02.29.,"저렴해서 큰 기대 안했는데
에센스같은 스킨이예요
설화수 느낌??
샘플을 이렇게 많이 줄줄 몰랐어요
용량대비 50%네요

애들쓰게 하려고 샀는데
오히려 젊은애들은 너무 리치해서 싫어할듯",1
895,평점5,20.03.13.,늘 사용하는 제품이에요. 다른 사이트보다 가격도 저렴하고 배송도 빠르네요. 상품도 개별포장되서 깔끔하게 왔네요.,1
896,평점4,20.03.16.,"스킨,에멀전 두개 구입했어요
샘플이 많은것 보고 감탄했는데 구매후기 보니 다른사람보다는 적더라는...ㅎ
그래도 잘 쓸게요~",1
897,평점5,20.04.08.,빨간쌀스킨 정확하고 빠른 배송 감사합니다,1
898,평점5,20.03.29.,어쩌다 쓰게된 제품인데 보습에 좋고 그래서 본품구매 후 쓰고 있어요.,1
899,평점1,19.12.09.,유트브에서 추천해줘서 샀는데 얼굴 다뒤집어지고싼것도아니고 한번쓰고 버려야되는데 화나네요,0
900,평점4,20.03.13.,"잘받앗어요 저렴하게 잘구매햇습니다
에센스제형이네요
촉촉해여~^^",1
901,평점4,20.03.16.,40대중반..흡수가 잘되고 촉촉함이 오래가서 사용한지 2년째,1
902,평점4,20.03.16.,생각보다 보습력은 좀 부족해요~그래도 괜찮은거 같아요~,1
903,평점5,20.03.29.,만족스러워요. 좋은가격에 구입했습니다. 번창하세용,1
904,평점4,20.03.17.,촉촉해서 건조한 요즘에 쓰기 괜찮은 것 같아요.,1
905,평점4,20.03.23.,"고등딸과 같이 써요~
순하고 피부당김에도 쵝오~~",1
906,평점5,20.03.30.,늘 쓰던제품입니다. 다 쓰면 재구매할게요,1
907,평점5,20.04.02.,처음에 배송도 아닌데 배송중이라고 떠서 당황스러웠지만 샘플도 마니 보내주시고 배송도 빠르고 좋네요 또 이용할게요,1
908,평점5,20.03.27.,복합성 피부이고 보습감이 좋습니다,1
909,평점4,20.03.24.,엄마 언니 나 모두 쓰는 제푸 ^^ ㅎㅎ,1
910,평점5,20.03.31.,만족합니다 샘플도 마니 주셨네요,1
911,평점5,20.04.03.,피부가 쫀쫀해지는 느낌이들어요,1
912,평점5,20.03.25.,샘플도 많이 주셔서 감사합니다.,1
913,평점3,20.03.26.,건성인데 두번바르면 촉촉해요,0
914,평점5,20.04.03.,써보고 좋아서 또 구매했어요~,1
915,평점5,20.03.22.,"너무 좋아요
가격두 착하구요",1
916,평점5,20.03.25.,싸고 배송 빠르고 최고예요!!,1
917,평점5,20.03.29.,잘쓰는제품입니다 괜찮아요,1
918,평점5,20.04.01.,좋아용 다음스킨도 한율,1
919,평점5,20.04.01.,좋아요 배송ㄷㅎ빨라요,1
920,평점5,20.04.02.,한율은 참좋은것같이요,1
921,평점5,20.04.02.,좋아요 항상쓰던거에요,1
922,평점5,20.04.01.,늘 쓰던 제품입니다.,1
923,평점5,20.03.05.,약간 점성이있는 액체고 향도 은은하고 보습도 무난합니다. 가격대비 만족합니다,1
924,평점5,20.03.23.,항상 쓰는 제품이에요. 아주 만족하는 제품입니다,1
925,평점5,20.06.01.,.............,1
926,평점5,20.03.07.,좋은가격 좋은품질 넘넘 만족해요 배송도 엄청빠르네요 강추합니다,1
927,평점4,20.03.14.,"제품설명서 보고 구입했는데
일주일은 써봐야 알것 같아요.",1
928,평점2,20.02.21.,"원래 오리지널 쌀진액쓰는데 프로모션하길래 샀습니다.
향에 호불호가 좀있겠네요. 무슨 꽃향이나는데 제스타일은 아닙니다.

향싫으신분은 오리지널 진액사세요.",0
929,평점5,20.03.22.,"써보고 좋아서 또 사는거에옹,,역시 만족합니닷",1
930,평점5,20.03.19.,선물로 드렸는 데 어머니가 만족해 하시네요,1
931,평점5,20.03.14.,원래쓰던제움이라좋고사은품도넘좋아요,1
932,평점5,20.02.24.,"늘 쓰던 제품입니다..
가격대비 괜찮아요",1
933,평점5,20.03.04.,촉촉하고 좋아요 조금 매끈거립니다,1
934,평점5,20.03.13.,완전 만점 잘부탁드려요. 잘쓸께요,1
935,평점5,20.03.01.,자극이 없고 너무 흡수력이 좋아요,1
936,평점5,20.03.10.,사용하고나면 촉촉해서 좋네요.,1
937,평점5,20.03.22.,엄마 사드렸는데 만족하시네요!,1
938,평점4,20.03.18.,"물 제형 스킨말고 이런 콧물제형을 좋아하는데요
샘플도 넉넉히 주시네요",1
939,평점5,20.03.21.,매번 구매하는 제품입니다.,1
940,평점5,20.03.18.,샘플도 많이 와서 좋아요,1
941,평점5,20.03.20.,배송 가격 마음에듭니다,1
942,평점4,20.03.13.,한율이라 믿고 씁니다.,1
943,평점5,20.03.11.,저렴하게 잘 샀습니다,1
944,평점4,20.03.21.,촉촉스 그리고 순해요,1
945,평점5,20.03.13.,좋아요 추천합니다~~,1
946,평점5,20.03.20.,좋아요~~~~~^^,1
947,평점5,20.03.17.,"건성피부.쫀득쫀득 부드럽게 케어중입니다
지금 계절에 딱인것 같습니다
배송도 빠르고 잘 사용하겠습니다",1
948,평점4,20.03.11.,항상 리뉴널되기전꺼를 써왓다가 리뉴얼됏다길래 주문해봣는데 아직까지는 쓴지 별로안되서 모르겟지만 계속 써보겟습니당 ~!,1
949,평점5,20.02.20.,엄마가 예민해서 아무거나못써서 늘 쓰시던것만쓰시는데 이거 평이 좋아서 사드렸더니 자극없이 촉촉하고 좋다하시네요,1
950,평점5,20.03.05.,"배송도 빠르고 상품도 맘에들어요
감사합니다.",1
951,평점5,20.02.13.,요즘 너무 건조해서 구입했어요. 일반 스킨보다 훨씬 부드럽고 촉촉한거 같아요. 만족합니다.,1
952,평점5,20.02.08.,"배송도 빠르고 안전하게 잘 왔습니다!
촉촉하고 스킨만으로도 보습이 되는 느낌이 참 좋네요~ 재구매의사 만땅입니다^^",1
953,평점5,20.03.12.,"잘 쓰고 있어요.
빠른 배송 감사합니다.",1
954,평점5,20.03.14.,빠른배송에 감사합니다,1
955,평점5,20.03.24.,잘 맞아요 좋아요.,1
956,평점5,20.02.29.,아모레가많이인색해졌네요정말스킨하나만보내전은처음이네요ㅠㅠ상품은추천합니다,1
957,평점5,20.01.27.,"매번 쓰던건데 저렴하게 잘 구매했어요
건성에 너무 좋습니다",1
958,평점5,20.03.01.,사용기한도 22년 12월까지고 사은품도 만족스럽게 왔어요 ^^,1
959,평점4,20.03.09.,촉촉하긴하네여.속땡김에 도움돼는거같아서 만족합니다.,1
960,평점5,20.03.01.,엄마꺼 제꺼 두개 구입하고 할인받아 잘 샀어요,1
961,평점5,20.02.14.,"확실히 촉촉함이 오래가네요
만족합니다",1
962,평점5,20.02.27.,저렴하게 구매했어요 수분도 오래가요,1
963,평점5,20.02.29.,항상 쓰는 제품이라 믿고 구매 합니다,1
964,평점4,20.03.07.,아직 개봉은 안했는데 좋을것 같아요,1
965,평점5,20.02.19.,향은 거의 없지만 발림성은 좋아요,1
966,평점5,20.02.21.,촉촉해서 좋아요 쓰던거 구매해요,1
967,평점5,20.03.05.,무난하게 쓰기 좋은 것 같아요,1
968,평점5,20.03.04.,어머니가 굉장히 좋아해요 ㅎ,1
969,평점5,20.03.05.,찐득한제형이라사용시 불편,1
970,평점4,20.03.10.,엄마 부탁으로 구매했어요,1
971,평점4,20.02.21.,촉촉하고좋아요잘쓸께요,1
972,평점5,20.02.29.,만족합니다 번창하세요,1
973,평점5,20.02.24.,촉촉하고 좋습니다.,1
974,평점4,20.03.07.,좋아요. 촉촉해요.,1
975,평점5,20.02.20.,주문 다음날 바로 배송왔고 유효기간도 2022년 8월?이어서 제조일자로 비교적 최근인 것 같아요 감사합니다^^,1
976,평점5,20.03.07.,촉촉해요,1
977,평점3,20.03.17.,좋아요 좋아요 세안 직후에 바릅니다,0
978,평점4,20.02.10.,리뉴얼 되서 나왔네요보습력 짱 좋아요소소한 사은품도 감사합니다,1
979,평점4,20.02.13.,처음써봣는데 끈적일것같지만 잘스미고 향은 은은하고 알콜성분이 심하진않습니다,1
980,평점3,20.01.30.,"드라마틱한 효과는아직모르겠네요 ...
향은 그냥그래요 다 사용하고 한율 다른 라인으로 사용해보고싶어요",0
981,평점5,20.03.03.,"어떤스킨을 써도 속건조가 너무 심했는데
한율스킨 기대안햇는데 기대이상이라 너무좋네요
속건조가 없어요",1
982,평점4,20.02.20.,헝상 쓰던제품이라 재구매 하는 샘플도 많이 챙겨주고 넘 조으네여~,1
983,평점5,20.02.27.,굿 좋아요 향도 좋고 촉촉해요배송도 빨리 왓어요~^^,1
984,평점5,20.02.12.,안전하게 잘 배송되었고 촉촉하니 좋으네요,1
985,평점4,20.02.24.,늘 사용하는제품이라 믿고 구매해요,1
986,평점4,20.02.27.,촉촉하고 잘 흡수되서좋아요,1
987,평점5,20.02.28.,엄마에게 보내드렷어요~~~!!,1
988,평점5,20.02.27.,건성인데 촉촉은 부족한듯,1
989,평점5,20.02.18.,샘플이 많아서 좋아요.,1
990,평점4,20.02.07.,촉촉하구 너무 좋아용,1
991,평점5,20.02.19.,좋아요 촉촉힙니다,1
992,평점5,20.02.26.,적당히 쓰기 좋아요,1
993,평점5,20.02.15.,"배송 빨라요
구성품 만족스러워요
제품은 몇년째 꾸준히 쓰는거에요",1
994,평점5,20.02.09.,"항상쓰던제품인데 업그레이드 되었네요
보습용으로 아주좋아요",1
995,평점5,20.02.17.,'쌀진액'일 때부터 사용중이에요. 보습력도 좋지만 향이 마에 들어 4병째 쓰고 있어요,1
996,평점4,20.02.13.,사용전이라 품질은 아직 잘... 배송 빨라요~~ 대박~~,1
997,평점5,20.02.17.,선물로 드렸는데 좋아하시더라구요ㅎ 잘쓸게용,1
998,평점5,20.02.07.,"기존쌀진액도좋았는데
보습력이대박이네요.",1
999,평점4,20.02.11.,아직 써보진않았는데 좋겠죠 향은 별로에요,1
1000,평점5,20.02.27.,촉촉하고 너무 너무 좋아요,1
1001,평점5,20.02.17.,한율 크림이 좋아서 같이 사봤어요,1
1002,평점1,20.02.04.,흡수도 잘되고 촉촉하고 좋아요,0
1003,평점5,20.02.08.,배송 빠릅니다 .잘 사용 할 게요,1
1004,평점5,20.02.05.,촉촉하고 산뜻하여 좋습니다,1
1005,평점5,20.02.14.,처음써보는데 좋은거같아요,1
1006,평점5,20.02.17.,배송이 빠르고 좋아요,1
1007,평점4,20.02.11.,좋아요... 많이 파세요,1
1008,평점5,20.02.04.,빠른 배송에 저렴해요,1
1009,평점2,20.02.03.,"빨간쌀.. 진액스킨이라 그런가..

볼이 빨ㅡ갛게 달아오르네요.

당김도심하고

가려움까지..

쌀진액 쓸땐 안그랬는데..

제품 완전 안좋아요

발에나 발라야겠어요",0
1010,평점5,20.02.15.,가격이많이올랐네요빨간쌀별차이가없네요,1
1011,평점4,20.03.20.,잘쓸게요 잘쓸게요 잘,1
1012,평점4,20.02.13.,상품평이 좋아서 구매했어요. 배송도 빨리 왔어요.,1
1013,평점5,20.02.05.,샘플써보고 너무 좋아서 본품 구매했습니다.... 스킨이라기 보다는 에센스같은 느낌이에요,1
1014,평점5,20.01.07.,"피부가 당기지않아요
향도 생각보다 은은하니 맘에듭니당
샘플로 주신 크림도 넘 좋네요
구매할까 생각중이에요",1
1015,평점5,19.12.23.,처음사용해 보는데 괜찮은 것 같아요 수분감도 좋고 맘에 듭니다!,1
1016,평점5,20.01.31.,워낙 이 리인을 좋아해서 계속 쓰던 제품이예요 업그레이드된것 같고 더 막 좋아진 느낌. 계속 쓸 것 같에요 강추입니당...,1
1017,평점5,20.01.30.,엄마께 선물해 드렸어요. 쓰던제품이라 좋다고 하시네요~,1
1018,평점5,20.02.03.,"바른 느낌은 좋은거같아요.
꾸준히 발라보렵니다~^^",1
1019,평점5,20.03.07.,만족합니다 만족만족만족,1
1020,평점4,20.01.26.,촉촉하고 유분감이 적당히 있어서 좋아요.,1
1021,평점5,20.02.02.,새로나온 거라 사용해봤는데 만족합니다,1
1022,평점5,20.01.07.,"향도보습도 좋아요^^
샘플까지 감사해요",1
1023,평점5,20.02.05.,샘플괘 마스크팩 잘 받았습니다.,1
1024,평점5,20.02.05.,넘나 맘에 들어요~~짱 좋습니다,1
1025,평점5,20.01.29.,촉촉하고 아주 굳이에요 굳,1
1026,평점5,20.02.03.,에센스 대용으로 좋아요,1
1027,평점5,20.01.19.,쵹쵹하고 순해서 좋아요,1
1028,평점5,20.01.18.,촉폭하고 수분도많아여,1
1029,평점5,20.01.06.,향도 좋고 촉촉하고 우선 한율제품을 좋아해서 항상 사용하고 있어요~,1
1030,평점5,20.02.18.,韓律紅米系列…很物超所值…送很多贈品…,1
1031,평점4,20.02.04.,상품 잘 받았습니다. 감사합니다.,1
1032,평점5,20.01.07.,계속썼던거라 리뉴얼 된거 보고 구매했어요 촉촉하고 좋아요,1
1033,평점5,20.01.07.,촉촉하고 향이 자극적이지 않아서 좋았습니다. 콧물 스킨이라 끈적일 줄 알았는데..바르면 바로 스며들어서 끈적임도 없고 좋습니다.,1
1034,평점5,20.01.06.,제가 진짜 딱 찾던 상품이에요. 촉촉하고 스킨인데도 약간의 점성이 있어서 보습도 완벽하고 그리고 함께 보내주시기로 한 샘플도 꼼꼼히 잘챙겨주셔서 잘수령했습니다:) 다른 라인들도 추가로 구매해봐야겠네요,1
1035,평점5,20.01.09.,완전좋아요 향도 좋고 먼가 더 몽글해진 느낌이에요,1
1036,평점5,20.01.17.,촉촉합니다 묽지는 않고 오히려 에센스같은 느낌,1
1037,평점4,20.01.11.,향이 은은하고 자극적이지 않아서 좋아요,1
1038,평점5,20.01.23.,세안후에 바로 쓰고있는데 촉촉해요,1
1039,평점5,20.01.07.,촉촉하고 보습력이 좋아요ㅎㅎ,1
1040,평점5,20.01.11.,신속한 배송처리와 함께 박스포장속에 에어캡으로 꼼꼼하게 감싸서 보내주신 덕분에 파손이나 손상없이 잘 수령하였습니다. 번창하세요~.,1
1041,평점4,20.01.05.,"예약구매라서 기다림에 지쳐 별 하나는 뺐지만
속건조함 잡아줘서 좋아요, 1차 닦는스킨케어 하고 차 흡수 케어 하는데 빨간스킨 탁월합니다ㅎㅎ",1
1042,평점5,20.01.07.,"스킨이 물같은 점도가 아니라 진액이더라구요
바르면 촉촉히 스며드는 느낌이에요",1
1043,평점5,20.01.10.,"아직 사용전인데, 좋을것같아서 기대중이에요!! 사은품 많이 주셔서 좋아요^^",1
1044,평점5,20.01.07.,너무 촉촉하고 스킨도 묽지않아서 좋아요^^~!!! 수분도 꽉 잡아주네요~~!!!,1
1045,평점5,20.01.06.,원래 한율 쌀 진액스킨 사용했는데 새로 나와서 주문했어요 좋아용!,1
1046,평점5,19.12.28.,배송총알이구요 촉촉하고 너무좋아요 좋은제품 싸게 감사합니당,1
1047,평점4,20.01.06.,에센스처럼 쫀쫀해서 손바닥에 두드려야 나오는 단점이 있네요,1
1048,평점5,20.01.07.,늘 쓰던거였는데 리뉴얼되어 나오니 더 좋네요,1
1049,평점5,20.01.08.,"제품은 좋아요~ 섐플도 챙겨 주셨음 하네요,,낱개로 로션 빼고 크림까지 주문 했는데 섐플이 한개도 안왔네요,,",1
1050,평점4,20.01.13.,어머님이 좋으시다하셔서 구매했어요,1
1051,평점4,20.01.07.,전에진액보더 더 촉촉하고 찐득해요,1
1052,평점5,20.01.05.,배송도 빠르고 좋아용,1
1053,평점5,20.01.12.,배송빠르고 촉촉해요,1
1054,평점5,19.12.26.,촉촉하고 좋아요 굳,1
1055,평점4,20.01.07.,촉촉하고 순해요~~,1
1056,평점5,20.01.06.,향도 거의 무향이고 스킨 점성이 쫀쫀해서 더 좋은거같아요~ 오늘 처음 써봤지만 큰 트러블없이 잘 사용할거같아요^^ 챙겨주신 사은품 잘쓸께요♡,1
1057,평점4,20.02.21.,좋아요 좋아요 좋아요,1
1058,평점4,19.09.03.,"샘플 써보고 구매하는거라
만족합니다.
다른거안바르고 덧바르는데 촉촉해여ㅎ",1
1059,평점5,19.12.31.,엄마가너무좋아해욯ㅍ,1
1060,평점5,19.09.02.,항상쓰던거라 좋아요,1
1061,평점5,20.02.09.,빠른배송감사합니다빠른배송감사합니다,1
1062,평점4,20.01.07.,신제품인데 할인과 샘플요~♡♡♡,1
1063,평점5,19.12.15.,건성에게 이만한 스킨없습니다. 특히 겨울에!!,1
1064,평점4,19.12.21.,"두통째쓰는건데. 좋아요
만족합니다!",1
1065,평점4,19.08.08.,저렴하게 구매했어요 좋아요,1
1066,평점4,19.08.08.,저렴하게 구매해서 좋앙ㅎ,1
1067,평점4,19.08.08.,저렴하게 구매해서 좋아요,1
1068,평점5,19.08.27.,한율 스킨은 최고입니다.,1
1069,평점4,19.12.14.,"부모님이 항상 이용하는 제품입니다
좋다고 하십니다",1
1070,평점5,20.01.07.,조아요조아요조아요^^,1
1071,평점4,19.07.11.,배송도빠르고 샘플도 많이줘서 좋아요,1
1072,평점5,19.10.03.,순하고 좋아요. 부담없이 바를 수 있어요.,1
1073,평점5,19.06.16.,진작부터 쓰는뎅 정말 잘써요,1
1074,평점5,19.06.05.,대구 경북 경남 지역 출신 인사들이 같이 하는,1
1075,평점5,19.06.05.,대구 경북 경남 지역 출신 인사들이 같이 하는,1
1076,평점5,19.09.11.,"항상 쓰던 것이라 구입했습니다.
배송 빨랐어요.",1
1077,평점4,19.08.25.,촉촉하고 보습있고 좋아요,1
1078,평점4,19.05.02.,아직 쓰던게남아서 안써?f는데 좋을것같아요,1
1079,평점5,19.04.22.,배송 어느정도 빠르고요상품 좋아요,1
1080,평점5,19.04.01.,한율 화장품 써본적은 없는데 스킨이 떨어져서 구매하게되었어요~~건성이라 촉촉하니 좋아요~,1
1081,평점5,19.08.04.,너무좋어용 향도좋구,1
1082,평점3,19.04.15.,꾸준히 쓰고 있어요.,0
1083,평점5,19.04.08.,두번째 구매 엄마가 쓰시는건데 무난하게 괜찮은거 같아요,1
1084,평점5,19.04.08.,엄마가 쓰시는 건데 괜찮은거 같아요 ^^,1
1085,평점5,19.08.03.,늘 쓰던거라 구매했어요~좋아요!!,1
1086,평점5,19.07.22.,항상 사용하는거예요촉촉한 수분감 너무좋아요,1
1087,평점5,19.07.18.,배송 빠른게 너무 좋았습니다.,1
1088,평점5,19.07.15.,토욜 주문햇는데 월요일에 도착했어요 ㅋㅋ 배송 빠르고 좋습니다,1
1089,평점5,19.02.25.,계속쓰는제품이라...적극추천합니다,1
1090,평점5,19.06.08.,오히려 트러블이 올라오는것 같아도 트러블이 크진않아서 그냥 사용해보고잇어요,1
1091,평점5,19.02.25.,좋아요좋아요좋아요좋아요~~~적극추천합니다,1
1092,평점5,19.05.22.,적당한가격에 좋은 재품 잘 샀습니다.,1
1093,평점3,19.05.13.,저한테 피부타입이 맞지 않아~지금은 못쓰고 있어요~,0
1094,평점4,19.01.03.,배송도 진짜 빠르고 흡수도 잘되고 좋아용~,1
1095,평점3,19.01.15.,늘 쓰던 제품 좋아요,0
1096,평점5,19.01.07.,저렴 하게 잘 사서 쓰고있습니다,1
1097,평점4,19.04.20.,끈적이지않고 살짝 묽은제형으로 피부에 바르면 겉돌지않고 바로 스며들어서 좋아요!,1
1098,평점5,19.04.15.,늘 사용하는거예요 한율은 수분감최고,1
1099,평점3,19.03.20.,에멀젼은 쓰기편한데스킨은 짜는 타입이 아니라 약간 불편하지만제품은 괜찮은거 같아요,0
1100,평점3,19.03.29.,가격도 저렴하고 만족해요,0
1101,평점5,18.12.11.,Good quality fast shipping,1
1102,평점5,18.12.11.,Good quality thank you,1
1103,평점5,18.12.11.,Nice products good quality,1
1104,평점5,19.03.19.,역시 한율 진액스킨,1
1105,평점5,18.11.27.,다다다다다다마사마마??,1
1106,평점3,19.02.17.,무난하고 괜찮을꺼 같아요~,0
1107,평점5,15.01.29.,"기본 50자 이상 작성시 200p 즉시지급 이미지 등록시 300p 즉시 추가지급 500자 이상 작성시 1,000p 익일 추가지급 (개당 상품 가격이 2천원 이하 상품은 적립대상에서 제외) 우수리뷰 선정시,우수ƕ,000p)~최우수ྪ,000p)를 적립해드리고 있습니다. 같은 단어가 반복된 내용은 임의로 삭제되며, 지급된 포인트가 회수될 수 있습니다.
다른 고객님들에게 유용한 상 너무 좋아요 맘속으로 사야지 사야지 생각만 했었는데 생각보다 받아보니 넘 좋네요 아주 유용하게 잘 쓸께요 감사합니다. 너무 좋아요 맘속으로 사야지 사야지 생각만 했었는데 생각보다 받아보니 넘 좋네요 아주 유용하게 잘 쓸께요 감사합니다.품 리뷰를 작성해주세요.",1
1108,평점5,18.11.27.,다다다다다다다타다??,1
1109,평점5,18.11.27.,다다다타다타다다다다다,1
1110,평점4,18.09.05.,가격 부담 없고 퀄러티도 좋아요,1
1111,평점4,19.01.09.,감사합니다 잘받았습니다.,1
1112,평점3,18.12.31.,"생각했던 맑은 스킨이 아니였어요
약간 끈끈해보이는 스킨이구 바르면 나쁘지는 않은데
화장솜에 덜때 스킨이 잘안나와요ㅜ 손바닥아파요ㅜ",0
1113,평점5,18.12.24.,저렴하게 좋은 제품 잘 샀어요. 추천,1
1114,평점5,18.11.29.,어머님이 만족하시네요~^^,1
1115,평점4,18.12.02.,촉촉하게 유지해 줍니다,1
1116,평점5,18.11.05.,배송 완전 빠르고 가격 저렴하게 잘 산거같아요써봐야 좋은지 알거 같아요,1
1117,평점5,18.11.03.,추천 늘 쓰던건데 사계절 내내 너무 좋아요 겨울엔 두번정도 발라주니 팩한것 처럼 촉촉하네요!추천합니당,1
1118,평점5,18.11.09.,쌀진액스킨 저는 한율라인 중에 쌀진액이 잘맞는것 같아요너무 기름지지도 않고 너무 건조하지도 않고 어느정도 보습력이있어서 지복합성에 잘맞는듯해요,1
1119,평점5,18.11.06.,좋아요 배송도 빠르고,1
1120,평점5,18.10.25.,괜춘해요 엄마가 좋아하세요근데 위에 따라나오는 부분 넘 불편해요 펌프용기가 아니라서 그런가계속 두들겨서 나오게 하는데 하세월걸리네뇨근데 내용물은 괜춘하고 좋아요,1
1121,평점5,18.11.09.,만족만족ㅎ,1
1122,평점5,18.10.06.,저렴하게잘샀네요,1
1123,평점5,18.09.04.,넘조아영 수분부족형 지성피부인데 번들거리지않고 흡수도 잘되고 향도 순해서 추천해요 샘플로 쓰다가 맘에 들어서 본품 구매해봣어용,1
1124,평점4,18.10.04.,좋아요 배송도 빠르고 제품도 늘 사용하던거라 만족합니다 오프라인보다 저렴해서 다음에도 재구매하려해요,1
1125,평점5,18.09.18.,유통기한도 넉넉하고 배송도 빠르고 만족합니다.,1
1126,평점5,18.09.27.,짱임 일단 매일 쓰는 건데 가격 완전 저렴하게 샀구요추석연휴였지만 배송을 해주셔서 완전 빨리 받았어요 저번에도 여기서 샀는데 다음에도 여기서 ㅋㅋㅋㅋ,1
1127,평점5,18.09.27.,배송짱빠름요,1
1128,평점5,18.10.03.,ㅎㅌㄷㅎㅌ,1
1129,평점5,18.09.04.,피부 촉촉 순한 스킨으로 좋아요,1
1130,평점5,18.06.28.,Shshsbsbshshsbsbsbh,1
1131,평점5,18.08.17.,잘 받았습니다. 사용후기올릴께요,1
1132,평점5,18.07.05.,굳 늘 <em>사용하는 건데 저렴한 가격에 잘 샀습니다배송도 진짜 매우 빠르네요 다음에도 여기서 구매할게요 많이 파세요,1
1133,평점5,18.07.05.,추천 배송은 진짜 빠르게 받았구요. 상품도 너무 좋아요 포장도 잘 해주셨어요 ^^ 항상 여기서 주문할게요,1
1134,평점5,18.07.05.,저렴하게 잘 샀어요 배송 짱빠름,1
1135,평점5,18.07.09.,좋아요 배송,1
1136,평점4,18.06.06.,"배송도 빠르고 저렴하게 잘 구매했어요
다음에도 필요하면 또구매하겠습니다.^^",1
1137,평점5,18.07.02.,인터넷구매가 개꿀,1
1138,평점5,18.07.05.,굿굿 좋아요,1
1139,평점5,18.06.27.,감사합니다,1
1140,평점5,18.05.28.,늘 쓰던 거예요 배송 빠르고 저렴해서 좋네요,1
1141,평점5,18.06.23.,촉촉하고 안끈적여서 좋아여,1
1142,평점5,18.06.14.,만족해요 ~ ~,1
1143,평점5,14.08.14.,한율 진액 스킨 150ml 이달에 쿠폰 적용하여 저렴한 가격에 구매했습니다.한율 진액 스킨 150ml 인터넷 주문 후 2일 만에 빨리 배송되었습니다.한율 진액 스킨 150ml 상품 포장이 잘 되어 배송 받았습니다.이자녹스 --> 아이오페 --> 한율로 변경하하여 사용해 봤는데 좋아서 2번째 구매하였습니다.앞으로도 계속 주문하여 사용하겠습니다. 감사합니다.,1
1144,평점5,18.06.07.,조아용 촉촉하고 깊게 수분감있는제품입니당 콧물스킨중에서 순하면서도 촉촉해서 계속 쓰게되는 제품이에용,1
1145,평점5,18.06.07.,정착템이라 꾸준구매중,1
1146,평점5,18.06.05.,조아요~~~~,1
1147,평점5,18.06.12.,좋아요..,1
1148,평점4,18.06.08.,굿 스킨 한윤스킨이 제일 좋아요 3년째 애용중입니다 두달에 하나씩 구입합니다 좋아요 굿 베리굿,1
1149,평점4,18.05.18.,좋아요 한율 중에서도 쌀 진액 스킨이 제일 순하고 부드러운거 같아요 오프라인보다 가격도 저렴하고 배송도 빨라서 만족합니다,1
1150,평점4,18.06.13.,ㅎㅎ 빠른배송 감사해요용ㅎㅎ 하루만에 왔어영ㅇㅇ 그리구 다른데보다 저렴하게 구입 했어요ㅎㅎㅎ 좋아용ㅎ,1
1151,평점5,18.06.08.,빠른 배송 감사합니다^^,1
1152,평점5,18.05.23.,배송빠르고 좋습니다.ㅣ,1
1153,평점5,18.01.28.,효과가 좋을것 같아서 주문 해 봤습니다. 비싼 듯 하지만 효과가 있어야 되겠는데요 .,1
1154,평점5,18.05.15.,자쓰고잇어요,1
1155,평점5,18.05.13.,맘에들어요~^^,1
1156,평점5,18.04.29.,추천!! 이렇게 좋을지 모르고 샀는데 정말 너무 쫀쫀해서 수분크림을 바른 느낌까지 받았었어요! 여러번 흡수 시켜주니 더 피부가 좋아진 느낌이네요,1
1157,평점5,18.06.13.,좋아요ㅎㅎㅎㅎ,1
1158,평점5,18.04.29.,너무 좋아요!,1
1159,평점5,18.04.21.,잘 받았습니다 좋아요~,1
1160,평점5,18.03.20.,콧물스킨 찾다가 한율이 유명하기에 구매했습니다ㅎㅎㅎ가격도 저렴하게 살수있어 좋았습니다 써보고 또올게요~,1
1161,평점5,18.04.13.,어머니가 만족해하시네요 ^^,1
1162,평점5,17.11.22.,배송도 빠르고 가격대비 품질이 좋네요.,1
1163,평점5,18.04.02.,원래쓰던거라 좋아요배송도빨라요,1
1164,평점5,18.04.04.,잘 받았어요~ 많이 파세요~,1
1165,평점5,18.03.31.,싸고좋아여,1
1166,평점5,17.12.04.,몇번째 구입한지 기억안남 ㅋㅋㅋ늘 저렴하고 좋은제품,1
1167,평점4,18.03.31.,싸고 좋아여 싸고 좋은데 인터넷으로 사니까 평하고 택배 배송도 빠르고 좋앗어여 고민하지 마시고사세여,1
1168,평점5,18.03.22.,싸게 좋은제품 잘샀어요,1
1169,평점5,18.03.20.,배송빨라요,1
1170,평점5,17.11.01.,배송도 빠르고 향도좋아요,1
1171,평점5,17.11.01.,배송빠르고 크림도 촉촉 하니 좋아요,1
1172,평점5,17.10.18.,제 동생도 같이 쓰겠다네요,1
1173,평점5,17.12.15.,가격 좋아요!! 건성 피부를 가진 엄마미께 선물드렸더니 너무 좋아하시네요정품이가격에!! 적극추천합니다>0<,1
1174,평점4,18.01.01.,좋아요 잘사용하고 있어요~ 순하고 좋네요~~가격도 비싸지 않고 가격대비 좋아요~ 계속쓸거 같아요~ 좋아요,1
1175,평점5,17.11.19.,패키징도 예쁘고 용량도 넉넉하고 배송 금방와요 :) 제품은 벌써 4개째 사용하고 있어요,1
1176,평점5,17.12.21.,좋아요 한율 쌀 진액 스킨 좋다고 해서 구매했어요 매장서 구매하는것보다 싸고 좋아요.배송도 빨리오고~다음에 또 들릴게요!,1
1177,평점5,17.12.21.,만족합니다~,1
1178,평점3,17.12.04.,배송도 빠르고 좋아요,0
1179,평점5,17.11.23.,할인까지 받아서 너무 좋아요,1
1180,평점5,17.11.13.,엄청 좋아용,1
1181,평점5,17.10.15.,배송도 빠르고 물건도 좋네요..,1
1182,평점5,17.11.04.,좋아요 ㅎㅎ,1
1183,평점5,17.10.27.,만족합니당.,1
1184,평점5,17.10.22.,뀩 진액스킨 환절기랑 겨울철 되면 쓰는데 이번에 대비해서 대용량으로 샀네요 뭐 워낙 유명해서 설명은 안해도 될듯,1
1185,평점5,17.10.22.,조아요 아어유,1
1186,평점5,17.11.04.,좋네요 원하던 그대로! 좋네요 ㅋㅋ 통이 별로라 잘 안나오는거 말고는 없네요 ㅋㅋ 쫀득하니 좋아요 ㅎ,1
1187,평점5,17.09.26.,안전하게 정품으로 배송해주셔서 만족합니다!^^,1
1188,평점3,17.09.28.,잘받았습니다.,0
1189,평점5,17.11.10.,만족합니다 만족합니다만족합니다만족핮니다만족핮니다만족핮니다만족합니다만족합니다만족합니다만족함다만족합니다!,1
1190,평점4,17.05.16.,아직사용전이지만 쌀성분함유라 좋으리라생각합니다,1
1191,평점4,17.10.27.,ㅊㅊ ㅇㄱㆍㄷㅅㄱㄹㅈㄱㄴㅅㅂㄱㄴㅈㅋㄷ ㄱㄴㄷㅅㄱㆍㅎㄱㄴㅈㅅㄱㄴㄱㄹㅂㄱㆍㅈㅅㄱㄴㅅㄱㄴㅎㄹㅎㄷㄴㅎㄷㄴㅎ.,1
1192,평점5,17.09.01.,만족합니다,1
1193,평점5,17.11.03.,ㅈㅇㅈㅇㅈㅇ,1
1194,평점5,17.05.02.,매우만족하고 믿고쓰는 한율 적극 추천할께요^^,1
1195,평점5,17.04.08.,스킨은 한율 제 피부에 잘맞네용 속은건조하고 겉은기름번지르르...ㅋㅋㅋ 하지만 한율 스킨이 딱 알맞게 잘 잡아죠용^ㅡ^다음에 또 구매할께용~~^_^,1
1196,평점4,17.11.03.,굿뜨 ㅈㅇㅈㅇㅈㅇㅈㅇㅈㅇㅈㅇㅈㅇㅈㅇㅈㅇㅈㅇㅈㅇㅈㅇㅈㅇㅈㅇㅈㅇㅈㅇㅈㅇㅈㅇㅈㅇㅈㅇㅈㅇㅈㅇㅈㅇㅈㅇㅈㅇㅈㅇㅈㅇㅈㅇ,1
1197,평점5,17.04.08.,한율 찾다가 찾다가 여기가 저렴해서 구매합니다.다음에도 또 구매하러 올깨요~~^_^,1
1198,평점5,17.06.15.,저렴하게 잘 샀어요.,1
1199,평점5,17.06.16.,마음에 쏙 들어요.,1
1200,평점5,17.02.14.,쌀진약이라 화이트닝 효과도 있데서 사보내요제 피부에 잘맞길 바래요,1
1201,평점5,17.02.10.,싸게사서 만족해요~~~~~ 배송도 빨라요~~~~~~^^,1
1202,평점5,17.02.14.,한율 기초는 처음인데 좋을것같아요,1
1203,평점5,17.06.09.,스킨은 이것만 고집하는 딸 때문에 덩달아 같이 사용하는데 촉촉 그 자체네요.,1
1204,평점5,17.06.05.,좋은 상품 감사합니다.,1
1205,평점5,17.04.08.,머더더더더더더더더더더머머,1
1206,평점5,17.04.08.,더더더더더더더머머머,1
1207,평점5,17.02.16.,This is great skincare product. I love it.,1
1208,평점5,17.02.10.,배송 빨라요~~~^^,1
1209,평점4,17.02.13.,배송 빠르네요 좋으네요,1
1210,평점5,17.05.04.,마음에 쏙 들어요.샘플도 많이 챙겨주었네요.,1
1211,평점5,17.05.02.,너무 괜찮아요. 다음에 또 살 거예요.사은품도 이~~만큼 챙겨주시네요,1
1212,평점5,17.04.17.,샘플만 써봤는데 괜찮아서 구매했는데 사은품도 많고 좋아요.,1
1213,평점5,17.03.25.,배송도 빠르고 가격도 저렴한데 샘플도 많이 줘서 잘 사용할께요,1
1214,평점5,16.12.13.,이제껏 쓴제품 중에 한율진액스킨로션이 순하고 피부트러블없이 잘쓰고있습니다.여러지인분들에게도추천드리고싶네요^.^[G마켓 안드로이드 앱에서 작성],1
1215,평점5,17.02.23.,모모모모모모모모모모모모모모,1
1216,평점5,16.12.16.,같이 주문한 물건이 전날 도착햇는데 이제품은 지금 이야 도착햇네요 배송이 너무느려요,1
1217,평점5,17.04.06.,사은품 푸짐해요,1
1218,평점5,17.03.28.,"저렴하게 구입했는데 샘플을 매장보다 더 넉넉히 보내줬더라구요 .
포장도 깔끔하게해주고 .
택배도 완전빠르네요 .
완전만족입니다~~~^^",1
1219,평점5,17.03.22.,샘플도 듬뿍 주시고 ... 저렴하게 사고 아주 좋아요,1
1220,평점5,17.02.28.,"스킨 하나 구매했을 뿐인데, 마스크팩에 여행용 키트에 리리코스 샘플까지 함께 왔네요~^^가격,구성,배송까지 만족합니다.라네즈 콧물스킨에서 한율로 바꿔봤는데, 7스킨하기 좋은 것 같아요.",1
1221,평점5,16.11.09.,세트구성도 좋고 배송도 빠르네요 저렴한 가격에 잘구매햇습니당ㅎㅎ자른데서는 스킨만 해도 이 가격이던데 여기는 크림도 주네용 감사합니다[G마켓 아이폰 앱에서 작성],1
1222,평점5,17.03.02.,"스킨하나구매했는데~마스크팩,샘플등 많이 챙겨주셔서 선물을 덤으로 받은것같네여
스킨은 보통이나 마스크팩은 보습력은 아주 좋습니다",1
1223,평점5,17.02.24.,"샘플도 많이 주시고, 배송도 빨라서 너무 좋아요.",1
1224,평점5,17.03.01.,너무 괜찮아요. 다음에 또 살 거예요.,1
1225,평점5,16.10.25.,"This is my first order from this seller, the delivery is fast to warehouse but Gmarket handle the international shipment was very slow. ",1
1226,평점5,16.09.21.,"추석에 선물받아서써보셨는데 너무좋으시다고하셔서 인터넷으로 하나더 주문해드렸어요 받으시고 너무 좋아하시네요
연휴낀것치고 배송도빨랐습니다[G마켓 아이폰 앱에서 작성]",1
1227,평점5,16.09.21.,"추석에 선물받아서써보셨는데 너무좋으시다고하셔서 인터넷으로 하나더 주문해드렸어요 받으시고 너무 좋아하시네요
연휴낀것치고 배송도빨랐습니다[G마켓 아이폰 앱에서 작성]",1
1228,평점5,16.06.22.,"안그래도 한율 진액스킨이 떨어지던 차에 저렴하면서 덤으로 팩이랑 율려원액까지~~~~^_____^
배송도빠르고 열었을때 선물받은 기분이였어요~~
자주이용해야겠어요~~^_^
감사해요 잘쓸께요~~[G마켓 안드로이드 앱에서 작성]",1
1229,평점5,16.07.07.,원액까지 같이 끼워주는 구성인지 모르고 삿느데 완전 득템이네요!!!!저렴하게 잘삿습니단ㅎㅎㅎㅎ[G마켓 아이폰 앱에서 작성],1
1230,평점5,16.05.13.,항상 매장가서 사셨다가 제가 사드렸더니 넘 싸고 기획세트라서 샘플도 있어서 너무 좋아하시네요.담에도 주문해야겠어요.[G마켓 안드로이드 앱에서 작성],1
1231,평점5,16.05.13.,스킨이랑 같이 주문했어요. 매장보다 훨싸게 구매했네요. 앞으로 여기서 계속 주문할꺼같아요.[G마켓 안드로이드 앱에서 작성],1
1232,평점5,16.06.05.,상품평을 입력해주세요(최소30자 이상)만족합니다만족합니다만족합니다만족합니다만족합니다만족합니다만족합니다만족합니다만족합니다만족합니다만족합니다만족합니다만족합니다만족합니다만족합니다만족합니다만족합니다만족합니다만족합니다만족합니다만족합니다만족합니다만족합니다만족합니다만족합니다만족합니다만족합니다만족합니다만족합니다만족합니다만족합니다만족합니다만족합니다만족합니다만족합니다만족합니다만족합니다만족합니다만족합니다,1
1233,평점5,16.01.25.,Love it! Will continue to buy it again whenever I run out. Love it! Will continue to buy it again whenever I run out. Love it! Will continue to buy it again whenever I run out. Love it! Will continue to buy it again whenever I run out. Love it! Will continue to buy it again whenever I run out. Love it! Will continue to buy it again whenever I run out. Love it! Will continue to buy it again whenever I run out. Love it! Will continue to buy it again whenever I run out. Love it! Will continue to buy it again whenever I run out. Love it! Will continue to buy it again whenever I run out. Love it! Will continue to buy it again whenever I run out. Love it! Will continue to buy it again whenever I run out. Love it! ,1
1234,평점5,16.01.08.,비표제거없이 정상제품으로 왔어요.ㅋ 선물용으로도 괜찮을듯 해요.^^ 비표제거상품이 대다수라 찾느라힘들었는데 선물잘할께요^^ [G마켓 안드로이드 앱에서 작성],1
1235,평점5,15.12.10.,"잘 받았습니다.
딱 로션만 왔네요.
제가 한율이나 아이오페만 쓰는데 로션만 다 써서
그것만 주문했네요..[G마켓 안드로이드 앱에서 작성]",1
1236,평점5,15.11.11.,뽁뽁이에 잘 감겨 안전하게 왔어요 제조년일은 15년3월자 제품 왔구용 더 사용해봐야 알겠지만 워낙 유명한 제품이라 기대를 좀 하고 있어요저렴한 가격에 감사합니당~,1
1237,평점4,15.05.01.,진액스킨만 2병 구매하였습니다.  향이 은은하고 순합니다. 그러나 보습력은 최고에요. 어떤나이에도 다 어울린 만한 스킨입니다. 엄마도 같이 쓰시고 있어요.. 좋네요.,1
1238,평점4,15.04.19.,최고의 선택! 추천합니다.,1
1239,평점3,15.03.23.,"선물로 한율 진액 스킨, 로션을 받았는데아무래도 스킨이 더 빨리 달아지네요. 시중에서 구입할려고 보니까 너무 비싸서 인터넷 구매를 하게 되었는데, 제품은 똑같으리라 밑고 사용해 보겠습니다.",0
1240,평점4,14.12.29.,우리 시어머님께서 항상 쓰시는 화장품입니다. 잘받았습니다. 너무 좋아하시네요. 싸게 잘샀습니다. 감사합니다. 번창하세요~~,1
1241,평점5,14.12.02.,한율 좋아요~~!!,1
1242,평점5,14.09.26.,좋아요~ 배송도 빠르고.. 항상 믿고 구입하는 판매자네요..,1
1243,평점5,14.04.27.,배송도 빠르고 제품도 최근 제조 된것으로 보내주셨어요~~,1
